OrderID,Region,Category,Product,OrderDate,Revenue,Cost,Profit,Quantity
ORD00001,West,Electronics,Shoes,2025-11-19,1520.83,1095.7974161057334,425.0325838942665,4
ORD00002,South,Electronics,T-Shirt,2025-04-17,2403.98,2145.085007053059,258.8949929469409,1
ORD00003,South,Electronics,T-Shirt,2025-04-24,2664.19,1749.9652283190696,914.2247716809304,1
ORD00004,East,Clothing,Desk,2025-04-22,1958.68,1171.1020402336414,787.5779597663586,5
ORD00005,East,Furniture,T-Shirt,2025-04-07,3172.56,2388.0392334532917,784.5207665467083,4
ORD00006,West,Electronics,Watch,2025-01-03,876.77,688.2048932544901,188.56510674550987,1
ORD00007,East,Electronics,Headphones,2025-06-26,2714.38,2160.968286833078,553.4117131669223,5
ORD00008,East,Electronics,Headphones,2025-06-30,2377.44,1811.3442500924195,566.0957499075805,4
ORD00009,North,Clothing,T-Shirt,2025-10-18,1821.71,1370.6372058347836,451.07279416521646,3
ORD00010,East,Electronics,Shoes,2025-11-22,2451.66,1648.3616009379018,803.298399062098,3
ORD00011,South,Furniture,Shoes,2025-10-06,2416.24,1509.9192229579958,906.320777042004,4
ORD00012,East,Furniture,Watch,2025-09-11,3620.31,2551.2518260439465,1069.0581739560535,4
ORD00013,West,Accessories,Headphones,2025-06-04,1020.28,639.6280125566548,380.6519874433452,5
ORD00014,North,Furniture,Desk,2025-12-26,4398.39,2639.8351498425363,1758.554850157464,4
ORD00015,West,Electronics,Phone,2025-07-06,4935.02,3492.977781299818,1442.0422187001823,5
ORD00016,West,Accessories,Chair,2025-11-09,1042.83,866.1081907970164,176.72180920298354,2
ORD00017,East,Furniture,Headphones,2025-02-21,2952.81,1881.251590402846,1071.558409597154,1
ORD00018,East,Electronics,Watch,2025-12-09,3565.85,3031.6241117261297,534.2258882738702,2
ORD00019,South,Accessories,Headphones,2025-04-14,3511.91,2579.0575753235044,932.8524246764955,4
ORD00020,South,Clothing,Desk,2025-09-01,3536.1,2959.492837467597,576.607162532403,4
ORD00021,East,Furniture,Watch,2025-07-18,1374.0,1001.6223438373137,372.3776561626863,2
ORD00022,North,Clothing,Laptop,2025-11-27,3322.62,2622.765064019643,699.8549359803569,1
ORD00023,North,Clothing,Chair,2025-05-14,3005.53,1693.8681917065155,1311.6618082934847,4
ORD00024,West,Clothing,Headphones,2025-10-24,988.44,696.5159955528114,291.9240044471886,4
ORD00025,South,Accessories,Phone,2025-11-21,4663.1,3901.466545041475,761.6334549585254,5
ORD00026,East,Electronics,Shoes,2025-11-18,696.16,432.94693679434783,263.21306320565213,5
ORD00027,East,Furniture,Laptop,2025-11-04,3672.31,3298.260962863337,374.0490371366627,5
ORD00028,West,Electronics,Laptop,2025-12-31,759.42,392.78019746587324,366.6398025341267,1
ORD00029,South,Furniture,Desk,2025-09-08,2045.55,1442.6267183287075,602.9232816712924,1
ORD00030,North,Clothing,Shoes,2025-07-26,976.59,539.4272799476139,437.16272005238613,1
ORD00031,North,Electronics,Watch,2025-03-18,4309.28,3108.296324314232,1200.9836756857676,2
ORD00032,South,Electronics,Headphones,2025-05-16,2231.77,1398.6840900607544,833.0859099392455,2
ORD00033,South,Accessories,T-Shirt,2025-07-26,2380.97,1246.6169921464177,1134.353007853582,4
ORD00034,East,Furniture,Shoes,2025-01-18,2845.22,2083.4203343191034,761.7996656808964,2
ORD00035,East,Furniture,Desk,2025-02-20,4639.47,3535.921031927899,1103.5489680721012,2
ORD00036,South,Electronics,Shoes,2025-01-19,2520.74,1545.0330953146934,975.7069046853064,2
ORD00037,North,Furniture,Shoes,2025-03-04,1658.94,1203.965116267855,454.97488373214514,1
ORD00038,North,Clothing,Watch,2025-02-15,4429.04,2511.953854787701,1917.086145212299,2
ORD00039,North,Furniture,Desk,2025-10-11,2072.37,1721.0660880578318,351.30391194216804,4
ORD00040,East,Clothing,Shoes,2025-07-26,524.09,447.9805281255367,76.10947187446334,1
ORD00041,South,Electronics,T-Shirt,2025-12-10,919.97,569.2262030475844,350.74379695241566,1
ORD00042,South,Accessories,Headphones,2025-03-02,3060.52,2090.227426664386,970.2925733356142,5
ORD00043,South,Accessories,Chair,2025-07-27,718.61,563.0158141356447,155.59418586435527,5
ORD00044,West,Clothing,Laptop,2025-09-17,1246.72,1012.8342997053228,233.88570029467724,3
ORD00045,South,Electronics,Watch,2025-10-21,4966.76,3288.3630153676813,1678.396984632319,2
ORD00046,North,Accessories,Chair,2025-07-06,2696.79,1890.3091766139423,806.4808233860576,1
ORD00047,South,Electronics,T-Shirt,2025-10-09,2471.96,1992.4947774351026,479.46522256489743,4
ORD00048,West,Clothing,T-Shirt,2025-08-14,3122.02,2578.593334922913,543.4266650770869,2
ORD00049,North,Accessories,Headphones,2025-06-18,754.79,424.8064480226863,329.98355197731365,1
ORD00050,North,Electronics,Headphones,2025-03-31,856.17,722.3982579701876,133.77174202981234,4
ORD00051,West,Electronics,Watch,2025-12-06,4594.42,2533.6042985844188,2060.8157014155813,1
ORD00052,East,Clothing,Desk,2025-09-05,2297.2,1538.4870885101018,758.712911489898,5
ORD00053,North,Accessories,Laptop,2025-04-28,2724.49,1902.5009832788312,821.9890167211686,2
ORD00054,East,Clothing,T-Shirt,2025-05-08,533.42,384.40223675741385,149.0177632425861,3
ORD00055,North,Furniture,Phone,2025-01-05,1427.43,1123.5344708498835,303.89552915011654,3
ORD00056,North,Electronics,Watch,2025-04-17,3507.73,1795.0032686344675,1712.7267313655325,4
ORD00057,East,Electronics,Chair,2025-02-28,644.89,514.5656386777493,130.32436132225064,2
ORD00058,South,Electronics,Phone,2025-06-23,1047.89,751.3941041098071,296.49589589019297,3
ORD00059,West,Furniture,Phone,2025-10-19,4982.39,4024.570039305576,957.8199606944245,4
ORD00060,West,Accessories,Headphones,2025-12-01,3475.26,1805.8801176672441,1669.379882332756,2
ORD00061,West,Clothing,Watch,2025-03-23,1873.53,1194.646606144584,678.883393855416,3
ORD00062,South,Electronics,Phone,2025-03-23,3213.28,2448.7933673156926,764.4866326843076,1
ORD00063,North,Clothing,Headphones,2025-06-08,2910.32,1582.2321168914048,1328.0878831085954,5
ORD00064,South,Accessories,Headphones,2025-02-08,1275.54,986.7522318343898,288.78776816561015,2
ORD00065,South,Furniture,Chair,2025-05-09,2586.44,1812.8009673329077,773.6390326670924,5
ORD00066,North,Clothing,Chair,2025-12-28,2507.97,1295.0496345953218,1212.920365404678,3
ORD00067,North,Clothing,Watch,2025-01-07,2342.26,1520.1449075472296,822.1150924527706,2
ORD00068,North,Furniture,Headphones,2025-12-01,4156.57,2956.49429740056,1200.0757025994399,4
ORD00069,West,Furniture,Shoes,2025-05-09,1027.43,836.1656110748303,191.26438892516978,2
ORD00070,North,Accessories,Watch,2025-02-22,1318.15,933.7831941772531,384.366805822747,1
ORD00071,West,Electronics,Shoes,2025-01-15,1910.94,1031.6547513857704,879.2852486142297,1
ORD00072,East,Electronics,Chair,2025-10-16,1873.01,1608.7694492687522,264.2405507312478,4
ORD00073,East,Clothing,T-Shirt,2025-09-05,3706.22,2866.561738139643,839.658261860357,4
ORD00074,South,Electronics,Laptop,2025-12-07,2211.42,1604.4794536956358,606.9405463043643,1
ORD00075,South,Clothing,Laptop,2025-08-05,1951.55,1743.8485347118462,207.7014652881537,3
ORD00076,North,Accessories,Watch,2025-05-16,1852.75,1396.5601647402746,456.18983525972544,5
ORD00077,South,Clothing,Watch,2025-03-31,4920.94,2791.3870097774884,2129.552990222511,1
ORD00078,South,Accessories,Phone,2025-09-14,3188.45,1968.105795437732,1220.3442045622678,5
ORD00079,South,Clothing,T-Shirt,2025-01-29,4271.37,3249.0475944463274,1022.3224055536725,1
ORD00080,East,Clothing,Desk,2025-04-06,2646.5,2253.646708962207,392.85329103779304,2
ORD00081,West,Accessories,Desk,2025-06-25,1694.11,1363.716721722027,330.39327827797297,1
ORD00082,South,Furniture,Desk,2025-12-19,2088.47,1858.096702378369,230.37329762163085,4
ORD00083,South,Accessories,Chair,2025-12-24,2101.81,1832.5796173239335,269.2303826760665,3
ORD00084,East,Accessories,Laptop,2025-08-20,4730.13,3940.607346502097,789.5226534979033,2
ORD00085,West,Accessories,Laptop,2025-06-29,1057.65,781.1747472124554,276.4752527875447,2
ORD00086,North,Electronics,T-Shirt,2025-01-09,534.82,285.55586016930397,249.26413983069608,3
ORD00087,West,Accessories,Chair,2025-08-22,4438.06,2864.4594055232433,1573.6005944767571,2
ORD00088,South,Furniture,Shoes,2025-03-13,3327.27,2951.303569636723,375.96643036327714,5
ORD00089,North,Furniture,Chair,2025-10-10,1608.78,854.2739913378313,754.5060086621687,5
ORD00090,West,Accessories,T-Shirt,2025-07-27,655.45,456.57995987854235,198.8700401214577,1
ORD00091,North,Accessories,Watch,2025-09-16,3002.16,2102.1861900865347,899.9738099134652,4
ORD00092,South,Furniture,Watch,2025-11-08,2664.0,2320.296046468362,343.70395353163804,1
ORD00093,South,Accessories,Laptop,2025-02-08,3680.16,3136.1096764800504,544.0503235199494,5
ORD00094,North,Electronics,T-Shirt,2025-11-06,619.75,537.9799940572574,81.77000594274261,4
ORD00095,North,Electronics,Phone,2025-07-21,2848.28,2084.3681584537935,763.9118415462067,2
ORD00096,North,Furniture,Headphones,2025-01-31,2078.43,1796.9182925222105,281.5117074777893,4
ORD00097,West,Furniture,Phone,2025-05-04,2161.81,1290.3582799492194,871.4517200507805,2
ORD00098,East,Accessories,Laptop,2025-05-07,4586.05,2932.8657725762982,1653.184227423702,5
ORD00099,North,Electronics,T-Shirt,2025-04-04,1427.52,905.8125617734015,521.7074382265985,1
ORD00100,North,Clothing,Desk,2025-03-13,4470.24,3705.4781618922343,764.7618381077655,3
ORD00101,South,Clothing,Watch,2025-08-23,4817.05,3222.6899836356683,1594.3600163643318,2
ORD00102,West,Accessories,Desk,2025-02-03,1028.29,637.9730630818847,390.3169369181153,5
ORD00103,South,Clothing,Laptop,2025-12-29,914.84,678.0545963341447,236.78540366585537,5
ORD00104,South,Accessories,Watch,2025-09-11,3040.57,1752.992860940521,1287.5771390594791,5
ORD00105,South,Electronics,Laptop,2025-10-20,1469.77,898.3372949508688,571.4327050491312,2
ORD00106,South,Clothing,Watch,2025-05-23,3018.82,1913.734343956486,1105.085656043514,1
ORD00107,West,Clothing,Phone,2025-06-03,3622.93,3133.3013307459782,489.6286692540216,1
ORD00108,North,Clothing,Chair,2025-04-05,3860.14,3130.988918169451,729.1510818305487,5
ORD00109,South,Accessories,Phone,2025-10-10,4192.58,2876.0006292855314,1316.5793707144685,5
ORD00110,West,Clothing,Laptop,2025-09-20,1306.1,941.1603067528374,364.9396932471625,3
ORD00111,North,Clothing,T-Shirt,2025-03-26,2441.69,1573.0002191097956,868.6897808902045,3
ORD00112,West,Clothing,Laptop,2025-08-01,2352.46,1203.9485591071639,1148.5114408928362,1
ORD00113,West,Accessories,Chair,2025-05-03,893.33,570.5858509633516,322.7441490366484,1
ORD00114,East,Accessories,Shoes,2025-05-29,1715.79,1105.2595654405923,610.5304345594077,4
ORD00115,North,Electronics,T-Shirt,2025-03-22,3680.73,2311.2213948174312,1369.5086051825688,1
ORD00116,South,Accessories,Desk,2025-08-17,1419.18,984.1871924962437,434.99280750375635,1
ORD00117,West,Clothing,Desk,2025-12-26,804.85,571.1627404140578,233.68725958594223,5
ORD00118,West,Clothing,Watch,2025-09-11,2404.99,1761.5976179406562,643.3923820593436,3
ORD00119,South,Electronics,Desk,2025-06-13,2279.95,1564.807900609181,715.1420993908189,3
ORD00120,North,Electronics,Headphones,2025-07-25,4121.9,2335.9198364186527,1785.980163581347,2
ORD00121,North,Clothing,Desk,2025-11-21,4664.39,2949.3715079474055,1715.0184920525949,4
ORD00122,North,Furniture,Headphones,2025-08-06,1152.9,890.1112299497624,262.78877005023764,4
ORD00123,North,Electronics,Chair,2025-02-10,4402.8,2358.317180816081,2044.4828191839192,2
ORD00124,North,Accessories,Desk,2025-07-11,1686.25,1026.238161192323,660.0118388076769,5
ORD00125,North,Accessories,Headphones,2025-05-02,1331.99,1174.1856300123397,157.80436998766027,4
ORD00126,North,Electronics,Shoes,2025-04-21,3313.44,2242.1351173791477,1071.3048826208524,4
ORD00127,North,Furniture,Desk,2025-04-30,4724.45,3474.0282620292883,1250.4217379707115,3
ORD00128,East,Furniture,Headphones,2025-06-13,933.54,677.9782152953354,255.56178470466455,3
ORD00129,South,Electronics,Shoes,2025-10-21,1125.98,730.7493906464312,395.23060935356887,2
ORD00130,West,Clothing,Shoes,2025-12-10,4268.6,2834.8040968064115,1433.7959031935889,2
ORD00131,South,Electronics,Watch,2025-05-31,1603.09,809.9835575776268,793.1064424223731,2
ORD00132,North,Clothing,Chair,2025-06-16,2277.94,1566.6826324651126,711.2573675348874,3
ORD00133,North,Clothing,Watch,2025-05-31,4195.92,2905.4664955033822,1290.4535044966178,3
ORD00134,East,Clothing,Shoes,2025-01-28,2310.56,1344.3085064391867,966.2514935608133,1
ORD00135,West,Electronics,Laptop,2025-11-30,1574.53,1231.1429865930438,343.38701340695616,2
ORD00136,East,Electronics,Headphones,2025-04-20,1748.41,1572.8125720747598,175.59742792524025,3
ORD00137,West,Electronics,T-Shirt,2025-10-12,674.15,542.0732981504386,132.07670184956135,1
ORD00138,South,Clothing,Headphones,2025-08-30,746.09,646.1411482496565,99.94885175034358,4
ORD00139,West,Clothing,Phone,2025-10-17,3051.04,2693.3470850991116,357.69291490088835,1
ORD00140,East,Clothing,Shoes,2025-12-09,3263.16,2310.416572498438,952.7434275015617,5
ORD00141,North,Accessories,Shoes,2025-01-02,510.28,293.08523191619446,217.1947680838055,2
ORD00142,South,Electronics,Shoes,2025-12-20,2004.8,1228.686421509261,776.113578490739,4
ORD00143,North,Accessories,Watch,2025-05-07,3039.56,1744.4477999524822,1295.1122000475177,4
ORD00144,South,Accessories,Watch,2025-03-19,4162.48,3723.0460719972093,439.43392800279025,3
ORD00145,North,Clothing,Shoes,2025-12-22,4015.69,3419.5558029036383,596.1341970963617,3
ORD00146,West,Clothing,Shoes,2025-01-15,2344.15,1457.1231552364009,887.0268447635992,1
ORD00147,South,Accessories,Chair,2025-01-15,4284.01,3477.8819307152107,806.1280692847895,1
ORD00148,East,Electronics,Watch,2025-03-01,2289.04,1581.9812255411166,707.0587744588834,3
ORD00149,North,Electronics,Shoes,2025-09-27,3914.88,3246.8270840710265,668.0529159289736,3
ORD00150,East,Clothing,T-Shirt,2025-07-19,3321.31,2254.5172926929895,1066.7927073070105,4
ORD00151,North,Accessories,Shoes,2025-06-05,3930.32,2512.5559957993287,1417.7640042006715,2
ORD00152,South,Clothing,Desk,2025-11-19,4393.9,3694.8802621638006,699.019737836199,4
ORD00153,West,Electronics,Desk,2025-12-13,2188.14,1338.7076201187137,849.4323798812861,2
ORD00154,West,Electronics,Watch,2025-12-27,639.09,332.92355283726215,306.1664471627379,3
ORD00155,West,Electronics,Shoes,2025-03-21,3725.62,2399.101597024727,1326.5184029752727,1
ORD00156,North,Electronics,Phone,2025-03-20,3325.65,1713.816003552481,1611.833996447519,3
ORD00157,West,Clothing,Phone,2025-02-23,4378.6,3183.3720912658223,1195.227908734178,4
ORD00158,South,Accessories,Watch,2025-07-11,995.47,823.094047965418,172.37595203458204,1
ORD00159,West,Electronics,Chair,2025-06-10,2135.52,1754.085495135966,381.4345048640339,1
ORD00160,South,Furniture,T-Shirt,2025-06-12,2106.77,1324.5651192991986,782.2048807008014,3
ORD00161,North,Clothing,Phone,2025-10-15,657.65,366.6006708741363,291.04932912586366,1
ORD00162,West,Furniture,Laptop,2025-04-28,2786.59,2359.0633140699183,427.52668593008184,5
ORD00163,North,Furniture,Desk,2025-12-11,4530.36,2933.2681868426407,1597.091813157359,1
ORD00164,North,Clothing,Chair,2025-06-16,3965.28,2514.3655009819304,1450.9144990180698,4
ORD00165,West,Electronics,Desk,2025-06-25,4124.29,3271.5978190919654,852.6921809080345,2
ORD00166,South,Clothing,T-Shirt,2025-11-21,600.6,309.07027780285244,291.5297221971476,1
ORD00167,North,Furniture,Desk,2025-08-16,3835.49,3042.0281436756227,793.4618563243771,3
ORD00168,North,Furniture,Desk,2025-02-19,4677.43,3905.7830241125193,771.646975887481,4
ORD00169,South,Clothing,T-Shirt,2025-01-05,3436.96,2694.9863450981807,741.9736549018194,4
ORD00170,East,Furniture,Watch,2025-06-03,643.63,502.381483491746,141.248516508254,2
ORD00171,West,Accessories,Headphones,2025-12-20,4819.73,4100.056941833745,719.6730581662541,3
ORD00172,South,Clothing,Chair,2025-02-18,3316.58,2264.8019097771526,1051.7780902228474,4
ORD00173,East,Clothing,Chair,2025-12-16,3927.24,2994.805373580849,932.4346264191508,1
ORD00174,East,Furniture,Chair,2025-08-08,4853.46,2488.211555257306,2365.248444742694,2
ORD00175,East,Clothing,Desk,2025-06-19,1843.61,1616.3348950669804,227.27510493301952,4
ORD00176,North,Furniture,Desk,2025-10-02,4045.42,2718.072717698899,1327.3472823011011,5
ORD00177,North,Electronics,Phone,2025-02-11,1594.76,875.2939537860066,719.4660462139934,5
ORD00178,West,Clothing,Shoes,2025-11-30,2995.68,2160.0267496209103,835.6532503790895,3
ORD00179,West,Accessories,Watch,2025-07-28,2600.64,1574.1996777042198,1026.44032229578,1
ORD00180,North,Clothing,Watch,2025-04-21,4793.65,3281.0384212306135,1512.6115787693861,2
ORD00181,East,Furniture,Chair,2025-04-10,2089.82,1348.2780039582983,741.5419960417019,1
ORD00182,West,Accessories,Phone,2025-02-27,4744.31,4165.082566854081,579.2274331459193,3
ORD00183,South,Accessories,Shoes,2025-12-11,576.46,340.2347357560097,236.22526424399035,5
ORD00184,East,Accessories,Phone,2025-10-09,4439.57,3025.9928241487937,1413.577175851206,1
ORD00185,West,Furniture,Headphones,2025-05-05,1734.01,948.1362162304129,785.8737837695871,1
ORD00186,North,Accessories,Headphones,2025-01-09,4786.71,3941.61848384708,845.0915161529201,3
ORD00187,North,Electronics,Headphones,2025-12-31,1749.69,1376.3197254868905,373.3702745131095,4
ORD00188,East,Electronics,Shoes,2025-07-21,4455.82,3488.727642708865,967.0923572911347,1
ORD00189,West,Accessories,Laptop,2025-09-01,4853.13,3703.2632392045366,1149.8667607954635,4
ORD00190,East,Clothing,T-Shirt,2025-06-07,3940.96,2137.6638159061627,1803.2961840938374,1
ORD00191,West,Electronics,Laptop,2025-12-29,4009.97,3275.7719235513064,734.1980764486934,4
ORD00192,South,Clothing,T-Shirt,2025-09-02,3008.61,1703.7424464975854,1304.8675535024147,5
ORD00193,East,Clothing,Phone,2025-02-26,1357.53,845.1269745149294,512.4030254850705,3
ORD00194,West,Clothing,Watch,2025-01-28,2600.82,1575.3977980617547,1025.4222019382455,5
ORD00195,East,Electronics,Chair,2025-06-26,4572.63,3097.675703266766,1474.954296733234,4
ORD00196,South,Clothing,Desk,2025-10-27,2573.03,2166.2052803645865,406.82471963541366,4
ORD00197,East,Electronics,Phone,2025-01-18,2531.62,2019.5526590882162,512.0673409117837,5
ORD00198,North,Electronics,Shoes,2025-07-13,1489.26,1109.0050860687174,380.25491393128254,2
ORD00199,East,Electronics,Phone,2025-07-03,4753.56,2928.357290661192,1825.2027093388083,2
ORD00200,West,Electronics,Phone,2025-10-24,567.57,483.37494950269905,84.195050497301,4
ORD00201,South,Electronics,Phone,2025-10-15,1108.03,718.2597363869049,389.77026361309504,2
ORD00202,South,Furniture,T-Shirt,2025-07-18,3175.9,2380.845168259827,795.0548317401731,1
ORD00203,West,Clothing,T-Shirt,2025-12-29,1276.75,1097.3475720252306,179.40242797476935,2
ORD00204,East,Electronics,Chair,2025-10-17,696.06,538.4834493999834,157.5765506000165,1
ORD00205,South,Accessories,Phone,2025-02-09,2976.99,2483.9602316223577,493.0297683776421,4
ORD00206,South,Furniture,Laptop,2025-04-25,1112.94,722.9560373621788,389.98396263782126,1
ORD00207,North,Electronics,T-Shirt,2025-10-31,4107.49,3638.353222908962,469.13677709103786,1
ORD00208,West,Electronics,Chair,2025-03-22,2568.67,1559.2953478888446,1009.3746521111555,2
ORD00209,South,Electronics,Chair,2025-01-25,3886.3,3380.3680440089925,505.9319559910077,4
ORD00210,West,Accessories,T-Shirt,2025-10-08,1443.16,866.921838952747,576.2381610472531,1
ORD00211,West,Clothing,Shoes,2025-12-06,3960.31,2960.350383117791,999.959616882209,4
ORD00212,East,Electronics,Watch,2025-04-16,2036.29,1570.867969868168,465.4220301318319,4
ORD00213,West,Furniture,Watch,2025-04-01,1372.26,871.2135842116369,501.0464157883631,1
ORD00214,West,Clothing,Shoes,2025-10-06,3459.47,2178.3889932429115,1281.0810067570883,3
ORD00215,South,Accessories,Desk,2025-03-22,3251.6,2718.3439673123326,533.2560326876674,5
ORD00216,North,Clothing,Watch,2025-10-07,2438.94,1829.1703214036804,609.7696785963196,5
ORD00217,West,Clothing,Headphones,2025-03-02,4890.52,3923.1250482872383,967.3949517127621,1
ORD00218,South,Furniture,Watch,2025-01-20,1426.27,1083.9898783448386,342.28012165516134,2
ORD00219,East,Electronics,Phone,2025-01-03,2027.11,1681.9172385376924,345.19276146230754,2
ORD00220,West,Accessories,Shoes,2025-10-05,4849.92,3527.0739293620104,1322.8460706379897,2
ORD00221,West,Clothing,Chair,2025-12-26,4547.26,3207.963380797634,1339.2966192023664,3
ORD00222,West,Clothing,Headphones,2025-01-12,736.61,465.70903310180796,270.90096689819205,3
ORD00223,East,Accessories,Watch,2025-11-02,527.98,462.3479463254792,65.63205367452082,4
ORD00224,East,Furniture,Headphones,2025-05-18,1608.09,936.1333676971748,671.9566323028251,4
ORD00225,North,Furniture,T-Shirt,2025-11-18,2092.74,1420.8209081959963,671.9190918040035,5
ORD00226,West,Clothing,T-Shirt,2025-02-27,4315.21,3360.326566603991,954.883433396009,5
ORD00227,North,Clothing,Headphones,2025-07-06,4302.15,2539.8278746787046,1762.322125321295,1
ORD00228,West,Electronics,Shoes,2025-10-02,907.81,467.20066778578104,440.6093322142189,3
ORD00229,East,Clothing,Watch,2025-08-29,4587.61,3009.396047815529,1578.2139521844706,1
ORD00230,North,Clothing,Laptop,2025-04-03,2683.17,1578.4882074351935,1104.6817925648065,4
ORD00231,North,Accessories,Phone,2025-03-09,4228.37,2735.3588754200314,1493.0111245799685,3
ORD00232,North,Furniture,Phone,2025-05-09,3440.36,2212.020078857216,1228.339921142784,1
ORD00233,South,Electronics,Desk,2025-05-26,3539.34,1884.6263439243637,1654.7136560756364,4
ORD00234,South,Furniture,Desk,2025-09-06,4875.83,2775.842175400309,2099.987824599691,5
ORD00235,North,Accessories,Headphones,2025-11-14,2204.38,1353.3653843073623,851.0146156926378,4
ORD00236,West,Accessories,Phone,2025-10-31,1623.86,961.1715660767934,662.6884339232065,5
ORD00237,South,Accessories,Phone,2025-11-03,4819.55,3360.0239423776384,1459.5260576223618,3
ORD00238,North,Electronics,Laptop,2025-02-27,2311.91,1519.3546723623774,792.5553276376224,2
ORD00239,North,Furniture,Watch,2025-08-14,1612.69,1269.5607362021778,343.1292637978222,1
ORD00240,North,Furniture,Laptop,2025-12-19,4735.93,3217.7887281210456,1518.1412718789547,1
ORD00241,East,Furniture,Desk,2025-07-28,1561.21,1324.7308610308098,236.47913896919022,1
ORD00242,East,Accessories,Phone,2025-08-05,2873.56,2122.301028606178,751.2589713938219,2
ORD00243,East,Furniture,Laptop,2025-01-06,4420.97,3402.2652764920012,1018.704723507999,4
ORD00244,East,Electronics,Desk,2025-06-28,4197.74,2174.4957850318697,2023.24421496813,5
ORD00245,South,Furniture,Shoes,2025-01-16,4290.74,3199.4716401258947,1091.268359874105,5
ORD00246,East,Accessories,Phone,2025-03-29,3175.1,2195.1572640117306,979.9427359882693,2
ORD00247,North,Accessories,Watch,2025-10-18,4603.51,2884.3487495169934,1719.1612504830068,5
ORD00248,East,Electronics,Headphones,2025-09-28,3880.05,3117.4256254995726,762.6243745004276,4
ORD00249,South,Furniture,Chair,2025-04-17,955.32,674.9014648057748,280.4185351942252,2
ORD00250,East,Clothing,T-Shirt,2025-05-05,2345.25,1981.3315920799625,363.91840792003745,3
ORD00251,East,Accessories,Headphones,2025-09-05,3797.45,2905.256467231671,892.1935327683286,2
ORD00252,North,Accessories,Chair,2025-02-25,4505.87,2459.058242422974,2046.8117575770257,5
ORD00253,West,Clothing,Watch,2025-02-15,3125.21,2715.8790604640185,409.33093953598154,3
ORD00254,West,Clothing,Headphones,2025-09-24,4794.5,3926.1541029558257,868.3458970441743,5
ORD00255,South,Clothing,T-Shirt,2025-10-14,4853.75,2645.3715772957635,2208.3784227042365,3
ORD00256,East,Furniture,Watch,2025-12-07,4694.4,3601.5461123044097,1092.85388769559,4
ORD00257,West,Furniture,Watch,2025-06-04,1591.01,1224.395461289046,366.6145387109541,2
ORD00258,West,Accessories,Shoes,2025-04-09,4526.95,3627.362378820551,899.5876211794489,5
ORD00259,North,Electronics,Chair,2025-01-08,2541.77,1292.893538637615,1248.876461362385,1
ORD00260,South,Clothing,T-Shirt,2025-12-13,2452.74,1572.2706364206879,880.4693635793119,2
ORD00261,North,Clothing,Phone,2025-11-03,679.61,608.0008233726237,71.60917662737631,2
ORD00262,South,Electronics,Watch,2025-10-17,2219.49,1155.1347251112684,1064.3552748887314,1
ORD00263,South,Accessories,Shoes,2025-05-22,4201.47,2257.3614077245747,1944.1085922754255,3
ORD00264,South,Clothing,Laptop,2025-11-18,4662.51,4022.9245924590364,639.5854075409638,5
ORD00265,South,Furniture,Desk,2025-11-04,3829.65,3045.787644182508,783.8623558174922,3
ORD00266,West,Accessories,Headphones,2025-10-10,3553.39,2428.1706969243514,1125.2193030756484,4
ORD00267,West,Furniture,Watch,2025-11-22,2394.86,1696.7729617604261,698.087038239574,1
ORD00268,South,Accessories,T-Shirt,2025-10-03,2517.0,1601.088852904104,915.911147095896,5
ORD00269,North,Electronics,Watch,2025-04-07,2919.05,2437.3687522416812,481.68124775831893,1
ORD00270,East,Electronics,Chair,2025-11-18,4444.78,2364.0827832942077,2080.697216705792,5
ORD00271,West,Electronics,Phone,2025-09-16,557.32,448.8139507686916,108.50604923130845,4
ORD00272,East,Furniture,Phone,2025-06-28,2445.08,1693.0858804783445,751.9941195216554,5
ORD00273,South,Electronics,Chair,2025-03-17,2738.62,1748.2301849725295,990.3898150274704,3
ORD00274,West,Accessories,Laptop,2025-08-02,4582.69,2583.589141534713,1999.1008584652868,5
ORD00275,North,Furniture,Headphones,2025-03-22,3454.14,3031.114320169471,423.02567983052904,4
ORD00276,North,Furniture,Shoes,2025-03-09,2842.22,1693.159619888667,1149.0603801113327,2
ORD00277,West,Accessories,T-Shirt,2025-07-22,1968.06,1364.429959581479,603.630040418521,2
ORD00278,South,Furniture,T-Shirt,2025-01-06,1889.38,1428.1604955419928,461.21950445800735,2
ORD00279,West,Electronics,Headphones,2025-10-27,3685.04,3294.5497924343417,390.49020756565824,1
ORD00280,North,Electronics,Shoes,2025-02-26,2585.11,1352.9296274067788,1232.1803725932214,1
ORD00281,North,Accessories,Chair,2025-07-11,1157.16,872.0750292959278,285.08497070407225,4
ORD00282,North,Accessories,Laptop,2025-12-31,3609.12,2305.716714748641,1303.4032852513587,1
ORD00283,East,Accessories,Desk,2025-12-01,868.52,606.2407283313253,262.2792716686747,4
ORD00284,East,Electronics,Chair,2025-06-16,3379.96,2365.885401952082,1014.0745980479182,1
ORD00285,West,Furniture,Shoes,2025-03-07,4115.46,3483.8622074637233,631.5977925362768,5
ORD00286,North,Furniture,Headphones,2025-01-07,2647.77,1746.020100542542,901.749899457458,3
ORD00287,North,Electronics,Headphones,2025-03-18,2640.16,1331.8666087342626,1308.2933912657372,2
ORD00288,East,Furniture,Laptop,2025-05-29,3406.09,2873.259125642982,532.8308743570183,2
ORD00289,South,Accessories,Phone,2025-12-06,2700.59,1877.8399803530353,822.7500196469648,4
ORD00290,West,Clothing,Watch,2025-08-30,793.21,537.057919527571,256.152080472429,2
ORD00291,North,Clothing,Watch,2025-11-24,4028.01,2744.994447951659,1283.0155520483413,3
ORD00292,South,Accessories,T-Shirt,2025-04-16,3495.15,1807.4384251603574,1687.7115748396427,3
ORD00293,South,Electronics,T-Shirt,2025-09-09,2888.73,2227.3099931729125,661.4200068270875,3
ORD00294,South,Electronics,Watch,2025-01-01,1824.32,1570.4998190641963,253.8201809358036,3
ORD00295,West,Electronics,Headphones,2025-12-22,820.37,459.53928619729,360.83071380271,4
ORD00296,South,Clothing,Watch,2025-08-29,3870.41,2319.6940740451932,1550.7159259548066,5
ORD00297,West,Electronics,Desk,2025-08-01,2738.97,1804.5170651223627,934.4529348776371,4
ORD00298,West,Electronics,Chair,2025-09-08,1309.21,855.9202486025877,453.2897513974124,5
ORD00299,North,Furniture,Chair,2025-05-30,4994.06,2543.277649369486,2450.7823506305144,2
ORD00300,East,Accessories,Desk,2025-05-31,2603.89,1707.1143177482807,896.7756822517192,5
ORD00301,East,Accessories,Headphones,2025-01-17,712.46,638.3091035914495,74.15089640855058,5
ORD00302,West,Clothing,Chair,2025-07-16,2479.14,1905.348809070217,573.7911909297829,3
ORD00303,East,Furniture,T-Shirt,2025-04-06,2466.37,2072.5259846246486,393.8440153753513,3
ORD00304,North,Accessories,Watch,2025-12-07,4377.5,3627.219608536383,750.280391463617,2
ORD00305,West,Furniture,T-Shirt,2025-10-30,2354.61,2004.024443593899,350.5855564061012,4
ORD00306,North,Furniture,Desk,2025-06-07,3699.25,3314.501269107702,384.7487308922982,2
ORD00307,North,Electronics,Chair,2025-08-01,2743.57,2001.3936767076987,742.1763232923015,3
ORD00308,North,Accessories,Headphones,2025-12-12,1370.48,1102.7399552462468,267.7400447537532,2
ORD00309,West,Electronics,Chair,2025-11-10,717.12,553.5155948107737,163.60440518922633,1
ORD00310,East,Accessories,Watch,2025-11-18,2845.78,1725.7111506170756,1120.0688493829246,5
ORD00311,East,Clothing,Watch,2025-08-02,4291.77,2498.9577550159343,1792.8122449840662,1
ORD00312,North,Electronics,Desk,2025-01-06,4476.64,3543.184271406924,933.4557285930764,5
ORD00313,East,Clothing,T-Shirt,2025-10-24,2991.71,2400.5546755753217,591.1553244246784,5
ORD00314,East,Electronics,Chair,2025-10-27,4810.3,2729.1571080904673,2081.142891909533,3
ORD00315,West,Electronics,Phone,2025-06-21,2614.8,2207.9449912510154,406.8550087489848,3
ORD00316,West,Accessories,Laptop,2025-06-14,2770.11,2158.7921271160853,611.3178728839148,5
ORD00317,East,Clothing,T-Shirt,2025-11-19,1307.05,818.1974860589669,488.85251394103307,5
ORD00318,West,Accessories,T-Shirt,2025-09-07,1241.9,787.8571819522981,454.042818047702,2
ORD00319,West,Clothing,Headphones,2025-06-04,2234.89,1570.3518829539753,664.5381170460246,3
ORD00320,West,Electronics,Shoes,2025-08-14,551.78,455.6614721865346,96.11852781346539,2
ORD00321,East,Accessories,Shoes,2025-10-24,3587.24,3042.3155033852413,544.9244966147585,2
ORD00322,East,Furniture,Phone,2025-07-23,1020.39,714.4742448740332,305.9157551259668,5
ORD00323,West,Accessories,Watch,2025-02-24,4634.51,2349.5114862391647,2284.9985137608355,1
ORD00324,North,Clothing,Desk,2025-11-30,902.31,781.9614432511162,120.34855674888377,3
ORD00325,East,Clothing,Shoes,2025-06-08,1229.31,634.0339252387087,595.2760747612913,1
ORD00326,South,Accessories,Phone,2025-06-11,4727.94,2535.812192705352,2192.1278072946475,3
ORD00327,North,Accessories,Watch,2025-10-04,2405.9,2042.83558891435,363.06441108565014,2
ORD00328,East,Accessories,Watch,2025-02-24,2616.09,2054.957862284313,561.1321377156873,3
ORD00329,East,Furniture,Headphones,2025-01-07,712.28,422.35358038364876,289.9264196163512,1
ORD00330,South,Furniture,Headphones,2025-09-10,2133.63,1488.2742085816976,645.3557914183025,5
ORD00331,North,Clothing,Headphones,2025-07-14,1568.99,1104.4162237799549,464.57377622004515,1
ORD00332,North,Furniture,Shoes,2025-05-04,2730.19,2149.379546169773,580.8104538302268,1
ORD00333,South,Clothing,Laptop,2025-04-04,2684.47,1843.7385186548959,840.7314813451039,5
ORD00334,North,Electronics,Chair,2025-05-28,3855.36,2387.1823627877884,1468.1776372122117,3
ORD00335,North,Accessories,Shoes,2025-02-04,582.12,373.63534808170334,208.48465191829666,4
ORD00336,South,Furniture,Shoes,2025-08-02,1866.48,1463.394782468218,403.08521753178206,4
ORD00337,East,Clothing,Watch,2025-09-16,615.0,544.0991353217702,70.90086467822982,4
ORD00338,West,Accessories,Phone,2025-02-23,3728.59,2430.210151421045,1298.3798485789553,3
ORD00339,West,Electronics,Laptop,2025-03-31,4977.32,2873.5521087557,2103.7678912443,3
ORD00340,North,Clothing,T-Shirt,2025-05-17,2774.76,2458.915799971952,315.84420002804836,1
ORD00341,West,Electronics,Watch,2025-05-06,1951.04,1490.6171044072287,460.4228955927713,3
ORD00342,East,Clothing,T-Shirt,2025-11-05,4802.36,3243.514205186164,1558.8457948138357,3
ORD00343,East,Electronics,Chair,2025-05-28,1708.22,1076.4372110090526,631.7827889909474,3
ORD00344,West,Electronics,Chair,2025-06-06,4658.38,3775.072311164214,883.3076888357859,1
ORD00345,South,Furniture,Shoes,2025-04-30,3830.72,1948.9661807909551,1881.7538192090447,3
ORD00346,East,Furniture,T-Shirt,2025-04-13,2228.19,1552.704139558163,675.4858604418371,3
ORD00347,South,Accessories,Headphones,2025-09-27,1916.25,1215.4178777412158,700.8321222587842,3
ORD00348,North,Clothing,Chair,2025-09-08,3432.82,2256.1391260245937,1176.6808739754065,3
ORD00349,East,Clothing,Headphones,2025-01-11,1997.5,1566.0770239206583,431.42297607934165,3
ORD00350,South,Accessories,Shoes,2025-01-24,4871.69,2506.4017251338264,2365.288274866173,3
ORD00351,North,Electronics,Phone,2025-03-07,4593.3,2971.5306041411313,1621.7693958588688,4
ORD00352,East,Clothing,Phone,2025-03-15,1979.61,1401.4968612141759,578.113138785824,3
ORD00353,South,Furniture,Chair,2025-03-30,517.22,444.8005328367116,72.4194671632884,4
ORD00354,South,Electronics,T-Shirt,2025-12-11,2663.98,1779.112329777866,884.8676702221339,2
ORD00355,North,Accessories,Headphones,2025-09-30,2751.29,1504.1755895215845,1247.1144104784155,3
ORD00356,East,Accessories,T-Shirt,2025-11-28,2677.39,2039.573090058926,637.8169099410738,4
ORD00357,East,Furniture,Laptop,2025-07-24,1417.81,761.0671731411919,656.742826858808,3
ORD00358,North,Electronics,Phone,2025-09-22,1722.65,954.8368616508858,767.8131383491143,4
ORD00359,East,Electronics,Shoes,2025-08-05,1592.72,928.4344438399062,664.2855561600938,2
ORD00360,South,Accessories,Chair,2025-09-21,4099.95,2413.32044979049,1686.62955020951,3
ORD00361,West,Furniture,Headphones,2025-02-20,3460.12,1860.651449820281,1599.468550179719,1
ORD00362,South,Electronics,Phone,2025-10-14,3996.36,3570.4940119501593,425.8659880498408,5
ORD00363,East,Accessories,Headphones,2025-10-03,958.6,591.3207941447291,367.2792058552709,3
ORD00364,West,Clothing,Laptop,2025-01-23,4595.9,2335.944187281657,2259.9558127183427,2
ORD00365,North,Electronics,Headphones,2025-10-24,3925.66,1983.9644693356784,1941.6955306643215,3
ORD00366,North,Furniture,Watch,2025-01-07,2339.16,1929.8139299183356,409.34607008166427,3
ORD00367,North,Accessories,T-Shirt,2025-11-30,4373.98,2644.3690273732927,1729.6109726267068,3
ORD00368,North,Clothing,Watch,2025-11-21,3359.19,2676.883736042571,682.3062639574291,4
ORD00369,South,Electronics,Desk,2025-04-15,3649.14,2984.27299414612,664.8670058538801,1
ORD00370,East,Clothing,Shoes,2025-04-01,1888.92,1358.9899798821918,529.9300201178082,5
ORD00371,South,Clothing,Chair,2025-04-28,3465.13,1756.1522242038784,1708.9777757961217,2
ORD00372,West,Furniture,Headphones,2025-02-09,2383.09,1805.372719769956,577.7172802300443,3
ORD00373,West,Electronics,Desk,2025-05-27,1778.11,1557.1235180725218,220.98648192747805,3
ORD00374,East,Clothing,Phone,2025-11-08,582.39,411.87087832695397,170.51912167304602,5
ORD00375,West,Electronics,Phone,2025-10-06,764.97,417.760683697416,347.209316302584,1
ORD00376,North,Accessories,Phone,2025-06-13,2286.14,1868.7847621655665,417.3552378344334,2
ORD00377,South,Furniture,Headphones,2025-05-09,2915.13,2498.904495686396,416.22550431360423,3
ORD00378,West,Accessories,Headphones,2025-10-26,1736.01,882.2053777166883,853.8046222833117,2
ORD00379,West,Accessories,Phone,2025-06-20,3518.04,2080.5363247953915,1437.5036752046085,4
ORD00380,South,Accessories,Chair,2025-11-04,755.53,474.0410113408573,281.48898865914265,2
ORD00381,East,Accessories,Chair,2025-06-06,813.55,556.810535686066,256.7394643139339,4
ORD00382,South,Clothing,Desk,2025-11-06,3086.03,2743.5018919159465,342.52810808405366,3
ORD00383,North,Clothing,Desk,2025-01-01,3954.44,2586.4989152644134,1367.9410847355866,2
ORD00384,West,Electronics,Headphones,2025-01-06,1707.41,1011.6752916794288,695.7347083205713,4
ORD00385,East,Furniture,Phone,2025-09-12,2727.95,1873.4075340712834,854.5424659287164,5
ORD00386,South,Electronics,Desk,2025-03-08,4962.33,2498.859988771105,2463.470011228895,5
ORD00387,North,Accessories,Phone,2025-07-29,2503.81,1259.2721404346285,1244.5378595653715,3
ORD00388,East,Clothing,Headphones,2025-03-22,1982.85,1547.910106724615,434.939893275385,5
ORD00389,West,Clothing,Watch,2025-01-22,4129.49,3647.462591487049,482.02740851295084,4
ORD00390,South,Furniture,Shoes,2025-08-23,898.48,661.2758820655419,237.20411793445817,3
ORD00391,West,Furniture,Watch,2025-03-30,4401.28,3385.1588740167367,1016.121125983263,2
ORD00392,West,Furniture,Desk,2025-05-21,1156.49,788.1175692491682,368.37243075083177,2
ORD00393,South,Furniture,Phone,2025-06-06,1646.91,851.1676934408798,795.7423065591203,4
ORD00394,South,Accessories,Laptop,2025-08-02,2265.46,1988.8416239599726,276.61837604002744,1
ORD00395,West,Furniture,Desk,2025-04-01,4616.54,3046.7708623764147,1569.7691376235853,4
ORD00396,North,Furniture,Phone,2025-11-09,3865.62,3107.908305872095,757.711694127905,4
ORD00397,East,Electronics,Laptop,2025-06-17,3606.43,2518.4198565802753,1088.0101434197245,1
ORD00398,East,Accessories,Desk,2025-06-02,4840.06,3903.2890649715805,936.7709350284199,5
ORD00399,South,Clothing,Phone,2025-07-05,986.2,797.8815365686218,188.3184634313783,3
ORD00400,North,Electronics,Watch,2025-04-26,4143.65,2212.9862519707563,1930.6637480292434,1
ORD00401,South,Electronics,Phone,2025-08-18,2176.54,1436.0018274960723,740.5381725039276,5
ORD00402,South,Clothing,Desk,2025-04-18,3405.92,2676.1781725100604,729.7418274899396,3
ORD00403,North,Accessories,T-Shirt,2025-03-22,2749.58,2235.7619667718404,513.8180332281595,2
ORD00404,West,Furniture,Phone,2025-11-25,1100.68,915.5685145791608,185.11148542083924,5
ORD00405,South,Clothing,Headphones,2025-05-07,4651.01,3345.0526730876886,1305.9573269123116,5
ORD00406,South,Clothing,T-Shirt,2025-06-03,4455.04,2807.2376356965983,1647.8023643034016,4
ORD00407,East,Clothing,Desk,2025-08-26,4844.49,3239.597198373311,1604.8928016266887,4
ORD00408,West,Electronics,Watch,2025-03-24,4166.31,3134.471356423545,1031.8386435764555,1
ORD00409,West,Clothing,T-Shirt,2025-06-27,901.83,756.1227039865804,145.70729601341964,2
ORD00410,East,Furniture,Headphones,2025-07-07,640.16,405.04166382263537,235.1183361773646,5
ORD00411,North,Accessories,Watch,2025-03-16,2551.18,2060.1461622191723,491.0338377808275,2
ORD00412,South,Electronics,Watch,2025-05-08,4514.98,2353.098038454688,2161.8819615453117,4
ORD00413,North,Clothing,Watch,2025-10-22,3758.87,2493.2369858596585,1265.6330141403414,3
ORD00414,North,Furniture,T-Shirt,2025-11-12,3292.96,2595.74050760054,697.2194923994603,4
ORD00415,West,Electronics,Phone,2025-11-04,678.28,438.58358549758594,239.69641450241403,1
ORD00416,West,Electronics,Headphones,2025-09-17,2352.45,1182.0025509856148,1170.447449014385,1
ORD00417,North,Accessories,Watch,2025-05-15,1828.84,1531.4223223636857,297.41767763631424,4
ORD00418,East,Electronics,Watch,2025-07-12,2672.08,2329.7922289759053,342.2877710240946,5
ORD00419,South,Electronics,Headphones,2025-07-08,1653.61,863.6025036416105,790.0074963583894,4
ORD00420,East,Accessories,Phone,2025-03-15,1215.07,771.0102887102298,444.0597112897701,2
ORD00421,South,Accessories,Phone,2025-03-24,3092.86,2367.7391106134824,725.1208893865178,3
ORD00422,West,Electronics,Watch,2025-02-22,632.37,412.3116667159178,220.0583332840822,1
ORD00423,South,Electronics,Shoes,2025-03-18,1526.65,1171.6833647811263,354.96663521887376,5
ORD00424,West,Electronics,Laptop,2025-10-28,1581.87,968.3367982409025,613.5332017590974,5
ORD00425,North,Accessories,Watch,2025-03-29,1364.7,754.8953620461648,609.8046379538353,3
ORD00426,East,Electronics,T-Shirt,2025-02-07,2099.12,1436.1608231203465,662.9591768796533,3
ORD00427,West,Electronics,Headphones,2025-01-14,4596.06,3526.131177431484,1069.9288225685164,3
ORD00428,South,Electronics,Laptop,2025-02-11,2440.7,1270.5947497896561,1170.1052502103437,2
ORD00429,East,Electronics,Shoes,2025-09-27,3299.92,1905.868954763489,1394.051045236511,1
ORD00430,East,Electronics,Watch,2025-09-01,2394.54,1951.4555208628956,443.0844791371044,5
ORD00431,North,Furniture,Watch,2025-04-11,4303.39,3360.8644205494506,942.5255794505497,1
ORD00432,North,Clothing,Shoes,2025-06-19,1712.05,1510.502433387628,201.54756661237207,3
ORD00433,East,Furniture,Chair,2025-05-08,1090.47,684.3782506621566,406.09174933784345,2
ORD00434,North,Clothing,T-Shirt,2025-02-18,1396.98,849.5366838278144,547.4433161721856,1
ORD00435,West,Accessories,Desk,2025-08-17,2697.98,2163.7046273003643,534.2753726996357,1
ORD00436,West,Clothing,Watch,2025-12-20,2180.17,1103.4715715993236,1076.6984284006764,2
ORD00437,South,Furniture,Phone,2025-06-09,3819.3,2108.2324080304925,1711.0675919695077,1
ORD00438,East,Furniture,Headphones,2025-04-06,1046.92,766.0771912658879,280.84280873411217,4
ORD00439,East,Accessories,T-Shirt,2025-12-18,4856.12,3339.254000176095,1516.865999823905,3
ORD00440,North,Electronics,Chair,2025-06-23,3957.31,1998.2970746238082,1959.0129253761918,1
ORD00441,North,Clothing,T-Shirt,2025-09-01,857.99,631.0441016259058,226.9458983740942,5
ORD00442,South,Furniture,Laptop,2025-03-31,4622.85,3260.9931865208328,1361.8568134791676,2
ORD00443,North,Accessories,T-Shirt,2025-11-23,2704.02,1907.4920348103549,796.5279651896451,3
ORD00444,West,Electronics,Watch,2025-10-30,3183.52,1982.4478481503152,1201.0721518496848,4
ORD00445,South,Clothing,Chair,2025-01-18,4433.55,2937.9121374939305,1495.6378625060697,1
ORD00446,South,Electronics,Headphones,2025-09-27,3277.81,2448.921435099396,828.8885649006038,1
ORD00447,South,Furniture,T-Shirt,2025-02-06,3947.85,2421.676103927734,1526.173896072266,3
ORD00448,North,Clothing,Chair,2025-05-25,4511.41,3945.771947248645,565.6380527513547,1
ORD00449,South,Electronics,Chair,2025-07-16,2397.11,2042.3473576218266,354.7626423781735,4
ORD00450,North,Electronics,Phone,2025-04-23,2086.53,1157.5178894185015,929.0121105814987,2
ORD00451,West,Furniture,Phone,2025-11-05,4769.41,3786.6602140072455,982.7497859927544,1
ORD00452,North,Accessories,T-Shirt,2025-03-14,1705.29,1442.8259008880896,262.4640991119104,1
ORD00453,East,Furniture,Laptop,2025-05-02,1895.51,989.1310365666917,906.3789634333083,3
ORD00454,East,Accessories,Desk,2025-01-12,3500.8,2406.14245519107,1094.6575448089302,2
ORD00455,West,Clothing,T-Shirt,2025-08-18,2934.81,2209.218713463348,725.5912865366518,5
ORD00456,South,Clothing,Watch,2025-12-19,838.77,642.4436236341136,196.3263763658864,3
ORD00457,East,Accessories,Laptop,2025-11-21,4658.42,3052.543097639087,1605.876902360913,3
ORD00458,North,Accessories,Laptop,2025-11-10,2408.19,1595.4933359837223,812.6966640162777,3
ORD00459,North,Clothing,Headphones,2025-02-23,4232.81,3576.758343902586,656.0516560974143,4
ORD00460,West,Accessories,Chair,2025-08-21,4066.29,3277.079088775895,789.2109112241051,3
ORD00461,West,Accessories,T-Shirt,2025-10-06,3371.76,2845.8713931104526,525.8886068895476,4
ORD00462,East,Clothing,Watch,2025-02-16,2262.43,1367.5623052303056,894.8676947696943,4
ORD00463,South,Furniture,Chair,2025-10-31,737.17,570.9268600283214,166.2431399716786,3
ORD00464,West,Furniture,Laptop,2025-05-28,4642.53,2584.335119846491,2058.1948801535086,4
ORD00465,East,Electronics,Desk,2025-11-23,1502.15,1194.7431456723828,307.40685432761734,4
ORD00466,East,Clothing,Chair,2025-10-01,2250.69,1820.9368637691598,429.75313623084025,3
ORD00467,South,Accessories,T-Shirt,2025-02-06,2958.55,2344.6779483896485,613.8720516103517,1
ORD00468,North,Clothing,Desk,2025-04-18,4563.56,3091.824561553015,1471.7354384469854,5
ORD00469,North,Electronics,T-Shirt,2025-05-14,4118.59,3435.3319602551787,683.2580397448214,3
ORD00470,North,Electronics,Desk,2025-08-19,2723.45,2199.4931362037764,523.9568637962234,3
ORD00471,North,Furniture,Chair,2025-07-01,4463.28,2457.1287666546177,2006.151233345382,3
ORD00472,East,Electronics,Shoes,2025-06-13,4378.14,2486.644679181383,1891.4953208186175,3
ORD00473,East,Accessories,Desk,2025-10-29,1407.18,1005.2626398669044,401.9173601330957,3
ORD00474,South,Accessories,Laptop,2025-07-12,4808.66,2600.2791390277653,2208.3808609722346,1
ORD00475,North,Accessories,Chair,2025-02-09,4793.2,3138.8867475466172,1654.3132524533826,1
ORD00476,North,Furniture,Phone,2025-02-10,976.86,756.2244213686912,220.63557863130882,4
ORD00477,West,Clothing,Desk,2025-09-13,1804.83,1201.7463565814853,603.0836434185146,5
ORD00478,South,Accessories,Laptop,2025-03-16,3142.2,1655.913253427214,1486.286746572786,4
ORD00479,East,Electronics,Chair,2025-08-13,1235.97,1022.2183982536128,213.75160174638722,2
ORD00480,West,Accessories,Headphones,2025-05-09,2490.08,2057.2647850056555,432.8152149943444,3
ORD00481,South,Furniture,T-Shirt,2025-09-30,1907.15,1406.0798602263203,501.0701397736798,3
ORD00482,West,Accessories,Headphones,2025-06-14,4101.7,2119.066412072897,1982.6335879271028,5
ORD00483,East,Clothing,Headphones,2025-12-06,4865.04,2531.359543320658,2333.680456679342,1
ORD00484,East,Clothing,Desk,2025-03-04,3537.31,3057.070343365856,480.239656634144,4
ORD00485,West,Furniture,Laptop,2025-12-17,869.56,502.5377795546906,367.02222044530936,4
ORD00486,West,Furniture,Laptop,2025-04-07,3873.29,3405.2386999634364,468.0513000365636,3
ORD00487,South,Accessories,Shoes,2025-08-14,1277.92,784.0590561085612,493.86094389143886,3
ORD00488,West,Furniture,Desk,2025-08-01,4310.68,3775.2976652597463,535.382334740254,3
ORD00489,South,Clothing,T-Shirt,2025-04-18,4412.64,2629.3912684199754,1783.248731580025,3
ORD00490,East,Electronics,Phone,2025-01-13,2002.67,1270.6658099228425,732.0041900771575,2
ORD00491,South,Electronics,Chair,2025-12-21,1525.83,1311.5105366044522,214.3194633955477,3
ORD00492,North,Clothing,Watch,2025-06-17,3975.25,2222.954072340339,1752.2959276596612,4
ORD00493,South,Clothing,Desk,2025-12-25,851.37,700.131748955784,151.23825104421599,4
ORD00494,East,Clothing,T-Shirt,2025-01-04,2381.85,2115.417469000376,266.43253099962385,5
ORD00495,East,Furniture,Shoes,2025-08-10,1284.0,982.6924042851907,301.3075957148093,2
ORD00496,West,Clothing,Chair,2025-09-11,4434.19,3150.832626345936,1283.3573736540634,4
ORD00497,West,Clothing,T-Shirt,2025-12-07,2674.13,2219.0574349217095,455.0725650782906,2
ORD00498,South,Clothing,Headphones,2025-01-29,4402.15,3863.6845830679504,538.4654169320493,3
ORD00499,South,Electronics,Watch,2025-01-22,2257.74,1362.4271756658693,895.3128243341305,4
ORD00500,North,Electronics,T-Shirt,2025-10-08,1429.63,1141.7361987543743,287.8938012456258,3
ORD00501,North,Accessories,Desk,2025-06-24,500.61,302.89581525625346,197.71418474374656,3
ORD00502,West,Electronics,Phone,2025-12-25,836.46,595.8329376790023,240.62706232099777,5
ORD00503,South,Furniture,Shoes,2025-12-18,4871.26,3190.997874530993,1680.262125469007,5
ORD00504,West,Clothing,Shoes,2025-12-05,4515.51,3662.9055368411914,852.6044631588088,5
ORD00505,South,Furniture,Chair,2025-10-06,1156.78,818.9510423795305,337.8289576204695,2
ORD00506,South,Accessories,Laptop,2025-01-15,1917.63,1275.8121854882727,641.8178145117274,3
ORD00507,North,Electronics,Watch,2025-11-30,1997.92,1412.9766814685172,584.9433185314829,5
ORD00508,East,Furniture,Phone,2025-11-01,1249.3,1023.9116570839167,225.38834291608327,4
ORD00509,North,Clothing,Headphones,2025-02-20,3746.81,3212.0313392494973,534.7786607505027,1
ORD00510,North,Furniture,Laptop,2025-10-06,3536.19,2517.506783873726,1018.6832161262741,1
ORD00511,West,Electronics,Headphones,2025-02-20,3673.74,2862.631470020395,811.1085299796046,3
ORD00512,West,Clothing,Desk,2025-04-18,3863.01,3469.6401510144156,393.36984898558467,3
ORD00513,West,Electronics,Shoes,2025-04-24,3839.81,3108.9521202964584,730.8578797035416,1
ORD00514,North,Furniture,Phone,2025-05-28,4243.67,3251.5757007115517,992.0942992884484,2
ORD00515,North,Furniture,Headphones,2025-05-10,1603.63,1306.7425307048613,296.88746929513877,3
ORD00516,North,Clothing,Desk,2025-09-22,4344.77,2472.230695339931,1872.5393046600693,3
ORD00517,East,Clothing,Desk,2025-05-13,1482.17,785.3433505206394,696.8266494793606,3
ORD00518,West,Clothing,Watch,2025-12-05,4991.82,3529.5940100879916,1462.2259899120081,5
ORD00519,West,Accessories,Shoes,2025-05-14,2375.57,2013.7100869260798,361.8599130739203,3
ORD00520,North,Electronics,Phone,2025-04-06,2194.42,1588.2861712720667,606.1338287279334,5
ORD00521,South,Electronics,Shoes,2025-06-02,544.16,292.4153299354731,251.74467006452687,2
ORD00522,West,Clothing,Laptop,2025-07-31,4772.21,2625.2140401769443,2146.9959598230557,2
ORD00523,North,Electronics,Phone,2025-05-11,1558.82,1165.2579138943404,393.56208610565955,2
ORD00524,East,Furniture,Desk,2025-02-13,3654.5,2469.8654484524213,1184.6345515475787,5
ORD00525,West,Furniture,T-Shirt,2025-04-21,1639.31,1270.769680618979,368.54031938102094,1
ORD00526,North,Furniture,Chair,2025-08-21,715.01,581.9587579591401,133.05124204085985,4
ORD00527,East,Electronics,Shoes,2025-01-31,1230.93,1012.8582142603045,218.07178573969554,1
ORD00528,West,Clothing,Watch,2025-04-25,3070.16,2274.229634426676,795.9303655733238,2
ORD00529,East,Accessories,Shoes,2025-02-04,3066.04,2598.7221639344093,467.31783606559065,5
ORD00530,North,Accessories,Headphones,2025-08-13,2601.72,2090.264493701762,511.45550629823765,4
ORD00531,South,Clothing,Shoes,2025-09-05,1957.66,1580.2233652038362,377.43663479616384,3
ORD00532,East,Electronics,Chair,2025-07-10,4764.62,2687.3710251993566,2077.2489748006433,1
ORD00533,North,Furniture,Watch,2025-11-06,909.36,582.570695634735,326.789304365265,5
ORD00534,South,Clothing,Phone,2025-11-30,1598.78,1331.7869963246133,266.9930036753867,5
ORD00535,North,Electronics,Watch,2025-08-28,1422.2,809.4388749192232,612.7611250807769,5
ORD00536,West,Clothing,Watch,2025-09-11,725.61,529.3110752494256,196.29892475057443,3
ORD00537,West,Electronics,Shoes,2025-04-11,4530.23,2863.83465420075,1666.3953457992498,5
ORD00538,South,Clothing,Headphones,2025-11-18,4848.28,2462.022664457222,2386.2573355427776,4
ORD00539,East,Electronics,Headphones,2025-06-23,2413.3,1923.2590825571947,490.0409174428055,4
ORD00540,East,Furniture,Chair,2025-07-10,1580.43,828.5043744479677,751.9256255520323,4
ORD00541,East,Accessories,Desk,2025-12-07,2943.11,1862.9029662288328,1080.2070337711673,1
ORD00542,East,Clothing,Watch,2025-02-06,1320.8,1177.3039531177528,143.49604688224713,1
ORD00543,South,Furniture,T-Shirt,2025-08-28,4439.11,2737.15083347637,1701.9591665236298,3
ORD00544,East,Accessories,Headphones,2025-07-24,556.63,374.26266799123874,182.36733200876125,3
ORD00545,East,Electronics,Watch,2025-01-23,4930.53,3045.2166226536688,1885.313377346331,1
ORD00546,West,Electronics,Chair,2025-09-23,3175.61,2799.604837365056,376.0051626349441,5
ORD00547,North,Accessories,Chair,2025-08-30,4567.22,4077.1184177216023,490.1015822783979,4
ORD00548,North,Accessories,T-Shirt,2025-05-28,2440.12,1879.9389294485572,560.1810705514426,5
ORD00549,South,Furniture,Chair,2025-08-10,3278.51,2854.046975191078,424.463024808922,2
ORD00550,North,Accessories,Chair,2025-12-20,2333.19,1817.5533316378303,515.6366683621698,4
ORD00551,North,Accessories,Laptop,2025-04-04,1579.49,1098.049591696029,481.440408303971,3
ORD00552,West,Furniture,Watch,2025-05-26,3189.94,2595.0137450605794,594.9262549394207,5
ORD00553,North,Clothing,Laptop,2025-09-07,1088.71,749.5605559216157,339.14944407838436,5
ORD00554,South,Accessories,Phone,2025-05-03,3188.96,2373.4478696265855,815.5121303734145,1
ORD00555,East,Clothing,Chair,2025-11-10,2710.93,1575.0124150583933,1135.9175849416065,5
ORD00556,East,Accessories,Shoes,2025-04-30,3012.89,2230.4756716479287,782.4143283520712,5
ORD00557,South,Electronics,T-Shirt,2025-07-23,1877.96,1001.6056241135333,876.3543758864668,5
ORD00558,South,Clothing,Laptop,2025-07-12,3063.68,1805.289062778734,1258.3909372212659,4
ORD00559,East,Clothing,Laptop,2025-03-31,1914.02,1454.3360212922591,459.68397870774083,4
ORD00560,South,Clothing,Chair,2025-05-13,2897.35,2250.165147316693,647.1848526833069,2
ORD00561,West,Electronics,Desk,2025-09-22,1027.92,861.7876131785063,166.1323868214938,1
ORD00562,North,Furniture,Chair,2025-05-08,3679.85,2164.178572822612,1515.671427177388,4
ORD00563,North,Accessories,Laptop,2025-12-23,831.99,478.5520213021225,353.4379786978775,2
ORD00564,East,Furniture,T-Shirt,2025-11-18,1871.67,1289.258413704679,582.4115862953211,4
ORD00565,North,Electronics,T-Shirt,2025-10-25,1470.93,755.5345820924305,715.3954179075696,4
ORD00566,South,Accessories,Desk,2025-01-05,2453.41,1842.1059672624453,611.3040327375545,1
ORD00567,South,Furniture,Watch,2025-05-22,4218.26,3408.4051657599302,809.85483424007,5
ORD00568,West,Electronics,T-Shirt,2025-08-27,1368.56,1084.8029834195008,283.7570165804991,1
ORD00569,South,Furniture,Chair,2025-05-26,940.38,629.3083046748761,311.07169532512387,2
ORD00570,North,Furniture,Laptop,2025-12-18,665.16,567.7857893584198,97.37421064158013,3
ORD00571,North,Electronics,Phone,2025-11-29,1079.35,609.4516532635031,469.8983467364968,2
ORD00572,East,Furniture,Desk,2025-12-16,3396.58,2512.9186056563,883.6613943437001,5
ORD00573,South,Electronics,Desk,2025-09-27,1863.88,1332.8662355675558,531.0137644324443,4
ORD00574,East,Accessories,T-Shirt,2025-09-30,1003.46,870.5771436921531,132.88285630784696,5
ORD00575,South,Accessories,Watch,2025-03-03,3625.49,1842.3832837522496,1783.1067162477502,4
ORD00576,West,Clothing,Desk,2025-01-17,1663.81,1148.1947848150292,515.6152151849708,1
ORD00577,South,Accessories,T-Shirt,2025-05-17,3039.04,2209.421347204493,829.6186527955069,1
ORD00578,South,Clothing,Laptop,2025-07-29,3347.67,1803.7651791283947,1543.9048208716054,1
ORD00579,South,Clothing,Headphones,2025-09-21,1618.01,1110.0197771102385,507.9902228897615,5
ORD00580,North,Accessories,T-Shirt,2025-03-15,3314.36,2151.159958885289,1163.200041114711,5
ORD00581,East,Accessories,Desk,2025-07-25,1465.59,1019.0319899519578,446.5580100480421,1
ORD00582,West,Electronics,Headphones,2025-11-18,1101.11,657.5191819963235,443.5908180036764,2
ORD00583,East,Accessories,Headphones,2025-04-11,2560.31,2121.926512216437,438.38348778356294,2
ORD00584,East,Electronics,Headphones,2025-04-05,4694.73,2767.6011559779927,1927.128844022007,4
ORD00585,North,Electronics,Phone,2025-11-15,1414.49,1078.6209967607,335.8690032392999,3
ORD00586,North,Accessories,Laptop,2025-06-10,3323.7,2588.4216219046843,735.2783780953155,5
ORD00587,South,Furniture,Headphones,2025-07-01,4877.21,2659.9769765664955,2217.2330234335045,4
ORD00588,South,Accessories,Headphones,2025-07-20,4364.11,2598.2341566435384,1765.8758433564612,4
ORD00589,East,Electronics,Phone,2025-10-10,4304.59,3388.7681554692604,915.8218445307398,5
ORD00590,East,Clothing,Desk,2025-07-31,4156.93,2410.9941510185213,1745.935848981479,2
ORD00591,East,Clothing,Shoes,2025-10-23,1119.01,915.4662112213119,203.54378877868805,1
ORD00592,North,Accessories,Shoes,2025-06-04,632.85,349.803297802609,283.046702197391,4
ORD00593,West,Furniture,Phone,2025-08-16,2586.74,1740.7289481508506,846.0110518491492,5
ORD00594,West,Electronics,Chair,2025-11-27,3920.88,2739.6560516977106,1181.2239483022895,3
ORD00595,South,Furniture,Phone,2025-08-31,4705.68,4006.5006356647805,699.1793643352198,3
ORD00596,East,Accessories,Desk,2025-01-08,577.97,293.8227596361721,284.1472403638279,1
ORD00597,West,Electronics,Desk,2025-04-30,3680.45,2792.972381094527,887.4776189054728,4
ORD00598,East,Electronics,Desk,2025-10-29,3363.0,1689.745625955018,1673.254374044982,4
ORD00599,South,Electronics,Headphones,2025-08-04,2015.84,1359.2385665461923,656.6014334538077,5
ORD00600,East,Furniture,Chair,2025-06-22,1396.62,1187.0108238893615,209.60917611063837,3
ORD00601,West,Electronics,Watch,2025-12-27,4966.06,4233.8389453171485,732.2210546828519,2
ORD00602,South,Accessories,T-Shirt,2025-11-04,4047.97,2247.5654701120166,1800.4045298879832,4
ORD00603,North,Furniture,Watch,2025-11-03,1731.92,901.7973513081178,830.1226486918823,1
ORD00604,South,Accessories,T-Shirt,2025-06-17,2228.64,1277.7290002392162,950.9109997607836,5
ORD00605,South,Accessories,Laptop,2025-01-08,1420.93,1039.73943816922,381.1905618307801,3
ORD00606,West,Electronics,Watch,2025-01-07,4895.49,2617.4807364286244,2278.0092635713754,3
ORD00607,South,Electronics,Desk,2025-07-16,3572.34,2887.765500825809,684.5744991741913,4
ORD00608,North,Clothing,Chair,2025-04-19,3582.04,2963.3541216198014,618.6858783801986,2
ORD00609,West,Clothing,Laptop,2025-07-23,2295.94,1381.7145205719507,914.2254794280493,1
ORD00610,West,Electronics,Watch,2025-05-04,4216.82,2444.0706478397556,1772.7493521602441,4
ORD00611,South,Accessories,Laptop,2025-12-26,3238.85,1904.7848216648722,1334.0651783351277,1
ORD00612,West,Clothing,T-Shirt,2025-11-12,4879.16,4169.347366358487,709.8126336415125,3
ORD00613,East,Furniture,T-Shirt,2025-10-02,3723.58,2609.8059488106937,1113.7740511893062,5
ORD00614,North,Clothing,T-Shirt,2025-10-16,1634.07,1281.699168576944,352.37083142305596,4
ORD00615,West,Clothing,Watch,2025-07-28,1920.78,1627.5970139925619,293.1829860074381,1
ORD00616,South,Clothing,Phone,2025-05-08,3146.32,1669.2216253136846,1477.0983746863155,4
ORD00617,South,Furniture,T-Shirt,2025-11-04,872.34,586.0607039406499,286.27929605935014,4
ORD00618,South,Accessories,Phone,2025-03-17,1358.91,1116.7054339901374,242.20456600986267,2
ORD00619,West,Clothing,Shoes,2025-11-22,4428.58,3239.6793179086994,1188.9006820913005,2
ORD00620,South,Accessories,Chair,2025-01-23,3075.18,2164.5938293227737,910.5861706772262,3
ORD00621,West,Clothing,Phone,2025-10-08,2521.36,1833.880887789732,687.4791122102681,2
ORD00622,West,Electronics,Laptop,2025-06-16,864.56,507.3255974772695,357.2344025227304,1
ORD00623,South,Furniture,T-Shirt,2025-03-31,2593.28,2155.199505745861,438.080494254139,2
ORD00624,South,Furniture,Laptop,2025-12-25,3734.25,2775.728426705369,958.5215732946308,5
ORD00625,East,Electronics,Desk,2025-06-12,1798.32,1022.7875688735209,775.5324311264791,3
ORD00626,South,Furniture,Headphones,2025-04-19,599.89,322.52557111226605,277.36442888773394,4
ORD00627,West,Furniture,Desk,2025-05-28,745.86,518.3013157327684,227.55868426723157,4
ORD00628,East,Accessories,Desk,2025-03-28,4027.29,2798.3777519944842,1228.9122480055157,5
ORD00629,South,Furniture,Desk,2025-11-10,1773.88,1408.6683523937681,365.21164760623196,2
ORD00630,East,Clothing,Chair,2025-12-31,1895.84,1616.3188627206964,279.5211372793035,2
ORD00631,North,Electronics,Phone,2025-05-15,3940.02,3343.77262248307,596.2473775169301,4
ORD00632,West,Electronics,Chair,2025-05-05,3396.25,1845.094449216162,1551.155550783838,2
ORD00633,West,Furniture,T-Shirt,2025-10-05,3316.61,1966.3555777943834,1350.2544222056167,5
ORD00634,South,Accessories,Headphones,2025-10-14,4730.34,2663.537776097314,2066.8022239026864,4
ORD00635,East,Electronics,Phone,2025-07-01,4457.94,3572.7301807569825,885.2098192430171,5
ORD00636,East,Accessories,Watch,2025-01-21,1774.86,1267.4674563833746,507.3925436166253,4
ORD00637,East,Furniture,Shoes,2025-04-26,4864.95,2921.489681763904,1943.4603182360956,3
ORD00638,South,Furniture,Desk,2025-03-25,2485.83,2219.158431043904,266.67156895609605,3
ORD00639,North,Furniture,Phone,2025-03-17,2935.94,1878.823130504291,1057.1168694957091,2
ORD00640,North,Clothing,Headphones,2025-06-03,3964.08,2881.9038705587336,1082.1761294412663,3
ORD00641,East,Furniture,Desk,2025-07-27,3255.02,2702.686898352363,552.3331016476368,2
ORD00642,East,Electronics,T-Shirt,2025-06-26,1343.63,1197.9503295465968,145.67967045340333,3
ORD00643,North,Electronics,Phone,2025-06-19,1443.74,938.204851601375,505.535148398625,2
ORD00644,South,Clothing,Headphones,2025-04-09,2699.37,1416.8907487594606,1282.4792512405393,3
ORD00645,South,Electronics,Laptop,2025-05-19,2845.0,1558.0248035098293,1286.9751964901707,4
ORD00646,West,Furniture,Phone,2025-01-07,3380.33,2579.954414294205,800.375585705795,1
ORD00647,South,Electronics,Shoes,2025-01-11,2873.48,2184.8505693632787,688.6294306367213,1
ORD00648,South,Furniture,Laptop,2025-02-12,4966.81,2608.27735692776,2358.5326430722403,4
ORD00649,West,Accessories,Desk,2025-05-27,4391.3,2358.677901548773,2032.622098451227,5
ORD00650,North,Accessories,T-Shirt,2025-12-22,3756.14,3118.688759849141,637.4512401508587,3
ORD00651,East,Electronics,Chair,2025-04-27,1108.51,883.2846964314714,225.2253035685286,3
ORD00652,East,Accessories,Desk,2025-02-22,1477.82,1176.984680613412,300.835319386588,5
ORD00653,North,Clothing,Desk,2025-12-15,4253.43,2971.1275880133126,1282.3024119866877,1
ORD00654,West,Furniture,Chair,2025-05-06,632.51,519.7047243203515,112.8052756796485,2
ORD00655,South,Furniture,Phone,2025-08-06,4027.56,2877.240816164203,1150.319183835797,5
ORD00656,North,Electronics,T-Shirt,2025-10-23,3708.72,1857.9058513305392,1850.8141486694606,3
ORD00657,North,Furniture,Shoes,2025-08-30,1587.13,1047.580355392317,539.5496446076831,2
ORD00658,East,Furniture,Shoes,2025-03-11,4026.8,3485.794096523854,541.0059034761462,3
ORD00659,North,Clothing,Shoes,2025-02-20,1132.22,1005.5523263657107,126.66767363428937,3
ORD00660,West,Accessories,Shoes,2025-03-08,1343.08,1069.0127835381377,274.06721646186224,3
ORD00661,South,Clothing,Chair,2025-09-11,2790.96,2453.844493345939,337.11550665406094,4
ORD00662,West,Electronics,Desk,2025-10-19,4899.28,3578.8590449108783,1320.4209550891214,4
ORD00663,East,Clothing,Phone,2025-12-21,951.8,594.0174487467636,357.7825512532363,5
ORD00664,South,Clothing,Chair,2025-04-14,1909.19,1049.587946365892,859.602053634108,4
ORD00665,West,Clothing,Laptop,2025-08-22,4015.88,3027.30482420323,988.57517579677,4
ORD00666,East,Accessories,Watch,2025-05-21,1088.16,545.5141879197157,542.6458120802844,5
ORD00667,North,Clothing,Laptop,2025-05-30,1071.38,863.0361980778499,208.3438019221502,1
ORD00668,North,Furniture,Shoes,2025-04-04,3023.47,2579.6721684143895,443.7978315856103,1
ORD00669,South,Accessories,Laptop,2025-10-12,3752.7,3047.391991008399,705.3080089916007,5
ORD00670,West,Electronics,Chair,2025-12-09,3212.39,1720.4208427624721,1491.9691572375277,3
ORD00671,North,Furniture,Chair,2025-05-21,2929.35,1754.1722618974993,1175.1777381025006,2
ORD00672,East,Electronics,Shoes,2025-01-30,906.22,720.0921903583787,186.1278096416213,3
ORD00673,South,Clothing,Desk,2025-09-10,1970.98,1288.906318188679,682.073681811321,3
ORD00674,South,Furniture,Phone,2025-09-04,2213.54,1691.193802535943,522.346197464057,3
ORD00675,North,Furniture,Shoes,2025-07-01,2381.39,2040.8702198999035,340.51978010009634,1
ORD00676,North,Accessories,Chair,2025-05-03,3644.22,2496.255722665414,1147.9642773345859,5
ORD00677,West,Electronics,Phone,2025-08-23,3505.71,2630.7650448517093,874.9449551482908,1
ORD00678,East,Electronics,Shoes,2025-10-04,4819.66,2656.673601914153,2162.9863980858468,1
ORD00679,North,Electronics,Laptop,2025-06-26,1017.13,630.090061612591,387.03993838740905,1
ORD00680,North,Furniture,Chair,2025-11-09,3710.73,1920.4355076660095,1790.2944923339905,4
ORD00681,North,Furniture,Desk,2025-10-02,1730.8,884.6468947419773,846.1531052580226,5
ORD00682,East,Furniture,Shoes,2025-11-02,1125.98,862.5448449954042,263.4351550045958,1
ORD00683,North,Clothing,Headphones,2025-08-17,1957.45,1081.5856884022037,875.8643115977964,2
ORD00684,South,Accessories,Laptop,2025-06-11,4207.45,2231.8928080196793,1975.5571919803206,1
ORD00685,South,Electronics,Desk,2025-04-15,717.97,592.558411272029,125.41158872797098,3
ORD00686,South,Accessories,Desk,2025-05-14,2528.71,2242.26423166788,286.4457683321202,1
ORD00687,North,Furniture,Chair,2025-12-16,3237.47,1797.0384450649954,1440.4315549350044,3
ORD00688,East,Accessories,Headphones,2025-03-04,4985.26,3577.0853902176746,1408.1746097823257,3
ORD00689,East,Accessories,T-Shirt,2025-02-28,2295.08,1491.2418021288406,803.8381978711593,3
ORD00690,North,Furniture,Desk,2025-11-15,1830.86,1057.8953330757054,772.9646669242945,4
ORD00691,South,Clothing,Shoes,2025-06-18,4315.83,3344.5484403455607,971.2815596544392,5
ORD00692,South,Electronics,Laptop,2025-10-19,3263.38,1924.5715362263034,1338.8084637736968,2
ORD00693,East,Accessories,Chair,2025-08-17,4465.19,3327.7099020818137,1137.480097918186,4
ORD00694,East,Clothing,Headphones,2025-01-06,1796.73,1570.616051706322,226.11394829367805,4
ORD00695,South,Accessories,Desk,2025-05-17,963.01,709.8799585887863,253.1300414112137,5
ORD00696,West,Clothing,Chair,2025-07-03,3523.87,2026.002005600436,1497.867994399564,1
ORD00697,East,Clothing,Laptop,2025-04-23,4653.85,2948.3204097834014,1705.529590216599,5
ORD00698,South,Furniture,Desk,2025-09-08,2058.38,1772.0005022423188,286.3794977576813,4
ORD00699,West,Clothing,Phone,2025-01-12,4432.99,3612.9774356139155,820.0125643860843,4
ORD00700,East,Accessories,Headphones,2025-07-29,3185.82,1684.855039159379,1500.9649608406212,4
ORD00701,East,Clothing,Shoes,2025-01-08,1024.36,754.9489613714281,269.41103862857176,1
ORD00702,East,Accessories,Headphones,2025-01-09,3744.43,3049.134898878618,695.2951011213818,1
ORD00703,West,Accessories,Phone,2025-09-25,4951.84,3188.784005751313,1763.055994248687,1
ORD00704,East,Electronics,T-Shirt,2025-11-25,2941.63,2467.443835796553,474.18616420344733,4
ORD00705,West,Accessories,Headphones,2025-05-07,1103.01,906.8342541312077,196.17574586879232,4
ORD00706,East,Accessories,Phone,2025-08-07,4661.23,3190.579270001257,1470.6507299987425,3
ORD00707,West,Electronics,Chair,2025-11-15,774.48,694.46334412713,80.01665587287005,3
ORD00708,North,Furniture,Desk,2025-10-05,3396.8,2357.757353358696,1039.0426466413041,4
ORD00709,South,Electronics,Laptop,2025-02-21,4890.61,4075.7881782415766,814.8218217584231,1
ORD00710,East,Electronics,Watch,2025-03-08,754.62,647.3805427578413,107.23945724215866,2
ORD00711,North,Clothing,Shoes,2025-01-27,4019.82,2104.507299828533,1915.312700171467,2
ORD00712,East,Clothing,Phone,2025-03-04,4300.6,2923.9773992785244,1376.622600721476,5
ORD00713,East,Furniture,Headphones,2025-06-21,4360.37,2864.016894544485,1496.353105455515,5
ORD00714,West,Electronics,Desk,2025-01-12,1469.34,774.1720647476982,695.1679352523017,3
ORD00715,East,Clothing,Desk,2025-09-11,3793.93,2995.7963565188847,798.1336434811151,1
ORD00716,North,Accessories,Phone,2025-10-25,1789.88,1198.2300270259545,591.6499729740456,1
ORD00717,West,Electronics,Phone,2025-09-25,1378.98,785.6980860378652,593.2819139621348,4
ORD00718,East,Furniture,Chair,2025-04-09,2698.47,2339.7314632141106,358.7385367858892,3
ORD00719,North,Clothing,Headphones,2025-03-19,4723.94,3793.703576785816,930.2364232141836,1
ORD00720,East,Accessories,T-Shirt,2025-12-10,3603.49,2145.4304794721766,1458.0595205278232,4
ORD00721,West,Clothing,Headphones,2025-12-03,1496.5,1045.3798884545945,451.1201115454055,1
ORD00722,South,Accessories,Headphones,2025-07-31,3021.7,1951.5162375573077,1070.1837624426921,2
ORD00723,West,Clothing,Shoes,2025-01-22,738.23,448.67153397928115,289.55846602071887,1
ORD00724,South,Electronics,Phone,2025-10-25,4402.2,2680.1769436806385,1722.0230563193613,2
ORD00725,South,Furniture,Phone,2025-11-12,1153.97,876.6129879308676,277.35701206913245,1
ORD00726,West,Accessories,Watch,2025-03-08,2726.63,1541.9888241528888,1184.6411758471113,5
ORD00727,West,Clothing,Desk,2025-08-25,3888.98,2851.0972218632505,1037.8827781367495,4
ORD00728,West,Furniture,Laptop,2025-10-01,1699.57,1192.2242919813284,507.34570801867153,1
ORD00729,South,Accessories,Shoes,2025-06-13,2526.32,1354.37072835679,1171.94927164321,4
ORD00730,North,Electronics,Phone,2025-06-28,1358.44,1006.9136241981319,351.5263758018682,3
ORD00731,West,Furniture,Laptop,2025-03-02,1716.29,889.0468849134403,827.2431150865597,3
ORD00732,West,Accessories,Watch,2025-10-02,1652.58,1163.6355658272298,488.9444341727701,4
ORD00733,West,Accessories,Shoes,2025-12-05,2113.99,1430.175746945093,683.8142530549069,4
ORD00734,North,Accessories,T-Shirt,2025-03-19,4535.4,3138.107681492059,1397.2923185079408,4
ORD00735,East,Furniture,Phone,2025-03-11,2995.93,1657.3549674288515,1338.5750325711483,2
ORD00736,West,Clothing,T-Shirt,2025-04-11,1563.11,854.0437083148812,709.0662916851187,2
ORD00737,West,Clothing,Laptop,2025-04-06,3083.65,2358.3383630937456,725.3116369062545,5
ORD00738,East,Clothing,Laptop,2025-12-25,777.97,510.9439130963535,267.0260869036465,3
ORD00739,South,Clothing,T-Shirt,2025-09-04,2759.92,1643.166087214614,1116.753912785386,2
ORD00740,West,Electronics,Phone,2025-11-12,2158.78,1675.2159978901716,483.5640021098286,2
ORD00741,South,Clothing,Watch,2025-07-20,2410.98,1440.8092772309626,970.1707227690374,5
ORD00742,South,Accessories,Phone,2025-08-18,4007.88,2080.6612741407275,1927.2187258592726,5
ORD00743,South,Furniture,Laptop,2025-02-06,2102.15,1823.568834443023,278.5811655569771,1
ORD00744,West,Accessories,Headphones,2025-03-15,4731.17,3175.3981147214245,1555.7718852785756,3
ORD00745,North,Electronics,Laptop,2025-03-28,2957.13,1539.7130288385363,1417.4169711614638,2
ORD00746,North,Accessories,Phone,2025-01-26,3809.43,3151.1273204614085,658.3026795385913,2
ORD00747,North,Electronics,Headphones,2025-08-30,3853.33,2157.3238229755393,1696.0061770244606,1
ORD00748,West,Furniture,Watch,2025-04-02,2900.45,1599.4800668292655,1300.9699331707343,4
ORD00749,East,Accessories,Chair,2025-02-02,4608.52,2932.0881827833405,1676.43181721666,3
ORD00750,East,Furniture,Desk,2025-12-09,4097.68,2229.115953748134,1868.5640462518663,1
ORD00751,West,Accessories,Laptop,2025-08-06,706.05,418.6550759968187,287.39492400318125,1
ORD00752,East,Electronics,Laptop,2025-01-07,2417.26,1441.66044201119,975.5995579888101,2
ORD00753,West,Clothing,Desk,2025-05-04,4202.62,3752.2512068104734,450.3687931895265,1
ORD00754,North,Accessories,Desk,2025-05-08,829.2,492.4352302978376,336.7647697021624,2
ORD00755,West,Furniture,Phone,2025-12-24,855.89,584.7097870415414,271.1802129584586,4
ORD00756,South,Electronics,Shoes,2025-09-29,1175.35,756.9855872389679,418.364412761032,2
ORD00757,South,Clothing,Shoes,2025-10-05,2831.84,1601.0951543993967,1230.7448456006034,3
ORD00758,East,Furniture,Shoes,2025-05-05,2149.04,1342.5060839022462,806.5339160977537,3
ORD00759,South,Clothing,Shoes,2025-11-21,3717.55,2062.826485489216,1654.7235145107843,1
ORD00760,West,Electronics,Chair,2025-02-09,1494.3,1159.8631080469384,334.4368919530616,5
ORD00761,West,Clothing,Chair,2025-07-22,1251.75,864.6546388650936,387.0953611349064,3
ORD00762,South,Electronics,T-Shirt,2025-01-14,1240.14,820.4597892577957,419.6802107422044,1
ORD00763,North,Clothing,Headphones,2025-03-23,4848.97,2840.3459142614342,2008.624085738566,1
ORD00764,West,Accessories,Headphones,2025-08-30,2048.8,1035.908588432851,1012.8914115671491,3
ORD00765,South,Furniture,Shoes,2025-07-18,1715.65,1490.3204592162192,225.32954078378089,1
ORD00766,West,Furniture,Headphones,2025-06-22,786.88,657.1353927366332,129.7446072633668,1
ORD00767,East,Accessories,Shoes,2025-07-27,3928.83,3326.9774677035293,601.8525322964706,3
ORD00768,West,Clothing,Chair,2025-01-28,2812.45,1722.9536383104696,1089.4963616895302,2
ORD00769,West,Accessories,Watch,2025-01-19,4000.03,3567.37827645364,432.65172354636024,4
ORD00770,East,Furniture,Chair,2025-04-01,2358.43,1454.8449084406782,903.5850915593217,3
ORD00771,West,Furniture,Desk,2025-01-24,3201.91,2423.6105892050855,778.2994107949144,1
ORD00772,East,Electronics,Chair,2025-05-12,2404.78,1414.3447269703122,990.435273029688,3
ORD00773,South,Clothing,T-Shirt,2025-08-22,3124.95,1622.5992218877454,1502.3507781122544,2
ORD00774,East,Accessories,Phone,2025-09-04,4447.56,2658.420958610987,1789.1390413890135,3
ORD00775,West,Accessories,Desk,2025-03-20,2170.13,1781.527012446279,388.60298755372105,1
ORD00776,East,Electronics,Phone,2025-01-08,522.23,342.9425023817518,179.2874976182482,1
ORD00777,West,Clothing,Headphones,2025-03-07,4490.04,3007.4045451397687,1482.6354548602312,4
ORD00778,East,Furniture,T-Shirt,2025-09-11,4771.14,3514.637607608763,1256.5023923912372,1
ORD00779,East,Accessories,Headphones,2025-02-17,4689.0,3548.916671708679,1140.0833282913209,2
ORD00780,East,Clothing,Phone,2025-10-14,4073.2,3586.128658683918,487.071341316082,1
ORD00781,South,Furniture,T-Shirt,2025-02-02,3131.17,2000.07411700836,1131.09588299164,1
ORD00782,North,Clothing,Desk,2025-09-18,3719.5,1877.1728513720072,1842.3271486279928,3
ORD00783,North,Electronics,Desk,2025-11-10,2200.77,1932.70566707443,268.06433292556994,5
ORD00784,North,Clothing,T-Shirt,2025-01-03,1427.63,1068.238895719174,359.3911042808261,1
ORD00785,East,Furniture,Watch,2025-05-23,598.29,446.8396539102888,151.45034608971116,1
ORD00786,West,Clothing,Chair,2025-03-22,2891.65,2522.0557565966997,369.5942434033004,1
ORD00787,North,Electronics,Shoes,2025-08-24,804.54,503.1594131345232,301.38058686547674,5
ORD00788,West,Furniture,Phone,2025-04-20,2248.0,2018.2964943172033,229.70350568279673,3
ORD00789,North,Accessories,Desk,2025-06-03,1084.3,803.3017381112304,280.99826188876955,5
ORD00790,West,Accessories,Shoes,2025-02-24,1351.36,718.1034174143749,633.256582585625,2
ORD00791,South,Electronics,Laptop,2025-03-15,3935.13,3447.657972140581,487.4720278594191,3
ORD00792,North,Furniture,Headphones,2025-01-24,1577.48,1190.2526911705208,387.22730882947917,4
ORD00793,North,Clothing,T-Shirt,2025-06-07,3853.33,2086.7779714523963,1766.5520285476036,3
ORD00794,North,Clothing,Laptop,2025-04-05,2765.12,2347.808805347764,417.3111946522358,1
ORD00795,West,Furniture,Shoes,2025-07-25,3974.3,2219.9619973017357,1754.3380026982645,4
ORD00796,South,Accessories,Laptop,2025-06-21,1183.91,955.9199045052283,227.99009549477182,4
ORD00797,South,Clothing,Watch,2025-03-06,2310.83,1589.8882326894307,720.9417673105693,5
ORD00798,South,Furniture,T-Shirt,2025-08-17,3359.84,2906.5122189464582,453.3277810535419,1
ORD00799,North,Furniture,Phone,2025-11-19,1918.2,1273.2598221157864,644.9401778842137,1
ORD00800,East,Electronics,Headphones,2025-12-21,4618.9,2913.2607090944275,1705.6392909055721,3
ORD00801,West,Clothing,T-Shirt,2025-08-24,1908.78,1680.7205499934407,228.05945000655925,3
ORD00802,West,Furniture,Chair,2025-10-15,2147.58,1112.64441203186,1034.93558796814,3
ORD00803,West,Clothing,Laptop,2025-01-24,1277.89,673.757019769837,604.1329802301631,1
ORD00804,North,Clothing,T-Shirt,2025-12-11,3034.54,1820.3877984211288,1214.1522015788712,1
ORD00805,South,Accessories,Watch,2025-12-03,1242.93,971.7455904378335,271.1844095621666,3
ORD00806,North,Electronics,Phone,2025-10-12,2202.54,1241.8759446614847,960.6640553385153,1
ORD00807,North,Clothing,Laptop,2025-08-03,2755.73,2106.905060239433,648.8249397605668,5
ORD00808,South,Clothing,Laptop,2025-06-21,972.23,768.933291258681,203.29670874131898,4
ORD00809,West,Accessories,Chair,2025-09-01,632.86,432.59737617785134,200.26262382214867,5
ORD00810,East,Furniture,T-Shirt,2025-05-23,3131.05,2088.9364590521977,1042.1135409478024,3
ORD00811,South,Furniture,Desk,2025-03-02,1837.04,1541.0558211854236,295.98417881457635,1
ORD00812,East,Furniture,Desk,2025-04-12,960.31,847.1787016393226,113.1312983606773,1
ORD00813,East,Furniture,Headphones,2025-07-09,4597.92,2628.8662070215473,1969.0537929784527,3
ORD00814,East,Electronics,Watch,2025-12-15,4948.29,2504.6332669141116,2443.6567330858884,4
ORD00815,North,Clothing,Laptop,2025-12-28,2948.71,2341.7655160226564,606.9444839773437,2
ORD00816,East,Electronics,Chair,2025-04-02,888.04,674.5733046250372,213.4666953749628,4
ORD00817,East,Clothing,Chair,2025-12-07,2875.22,1609.6453605650213,1265.5746394349785,5
ORD00818,South,Furniture,Watch,2025-05-01,563.57,486.35658864252235,77.2134113574777,4
ORD00819,North,Clothing,Headphones,2025-05-06,3128.48,2794.775155150759,333.704844849241,1
ORD00820,West,Electronics,Chair,2025-11-02,549.9,278.2754851865012,271.62451481349876,2
ORD00821,East,Clothing,Laptop,2025-05-13,3153.61,1869.8145714059033,1283.7954285940968,2
ORD00822,North,Furniture,Headphones,2025-02-23,639.66,526.1877104960014,113.47228950399858,4
ORD00823,East,Clothing,Desk,2025-11-15,3254.9,2767.6839567312395,487.2160432687606,5
ORD00824,West,Electronics,Chair,2025-03-03,1806.28,1192.6888024271852,613.5911975728147,1
ORD00825,South,Accessories,Desk,2025-02-09,2161.1,1938.51262915137,222.58737084862992,1
ORD00826,East,Clothing,T-Shirt,2025-08-04,972.99,645.8038156626451,327.1861843373549,3
ORD00827,East,Electronics,Laptop,2025-04-22,1171.81,854.3213608155625,317.4886391844375,3
ORD00828,South,Electronics,Watch,2025-01-17,2168.37,1731.8679643780717,436.50203562192814,3
ORD00829,North,Electronics,T-Shirt,2025-02-16,3337.07,2037.640401565425,1299.4295984345752,4
ORD00830,South,Accessories,Headphones,2025-12-18,2028.21,1497.8461338966774,530.3638661033226,3
ORD00831,South,Furniture,Shoes,2025-12-06,1617.13,1427.9782211123156,189.1517788876845,3
ORD00832,West,Furniture,Watch,2025-11-18,4482.41,2499.951222967758,1982.4587770322419,3
ORD00833,East,Clothing,Headphones,2025-08-05,1140.87,816.6783122648721,324.19168773512774,2
ORD00834,North,Accessories,Watch,2025-12-29,2325.43,1480.961322065509,844.4686779344909,1
ORD00835,North,Electronics,Desk,2025-08-05,3882.57,2141.6838253370015,1740.8861746629987,4
ORD00836,North,Clothing,T-Shirt,2025-10-08,1826.13,1464.5930556261396,361.5369443738605,5
ORD00837,East,Electronics,Desk,2025-11-07,4834.17,4311.8198019112615,522.3501980887386,5
ORD00838,East,Electronics,Watch,2025-05-31,3579.69,2678.1949414497835,901.4950585502165,3
ORD00839,South,Accessories,T-Shirt,2025-01-04,1089.46,933.3424910213848,156.1175089786152,1
ORD00840,South,Furniture,Desk,2025-09-18,3225.64,2102.9862192263913,1122.6537807736086,4
ORD00841,North,Furniture,Phone,2025-10-19,2761.43,1632.876684996217,1128.553315003783,1
ORD00842,West,Clothing,Desk,2025-07-06,1626.13,906.9042748566603,719.2257251433398,4
ORD00843,West,Clothing,Watch,2025-06-14,1354.6,1091.7795377111643,262.82046228883564,2
ORD00844,South,Electronics,Phone,2025-07-09,2058.34,1508.5948053161087,549.7451946838914,5
ORD00845,West,Electronics,Desk,2025-04-04,3375.1,1753.6492295397343,1621.4507704602656,1
ORD00846,East,Electronics,Laptop,2025-11-26,1525.06,888.8452909173391,636.2147090826609,3
ORD00847,East,Electronics,Desk,2025-07-13,3868.1,2847.942731242531,1020.157268757469,5
ORD00848,South,Clothing,Phone,2025-02-25,2557.87,1525.5556272372676,1032.3143727627323,3
ORD00849,East,Clothing,T-Shirt,2025-01-28,1352.83,1082.641873542374,270.1881264576259,5
ORD00850,West,Accessories,Desk,2025-01-21,1383.87,1165.1982411724277,218.67175882757215,5
ORD00851,East,Electronics,Laptop,2025-12-11,2420.05,1244.1665978883036,1175.8834021116966,2
ORD00852,South,Clothing,Laptop,2025-12-12,537.61,371.3227013509177,166.2872986490823,5
ORD00853,West,Clothing,Phone,2025-05-11,2005.55,1739.918536703329,265.631463296671,3
ORD00854,South,Accessories,Laptop,2025-10-24,1623.85,1213.519481203949,410.3305187960509,5
ORD00855,South,Electronics,Headphones,2025-04-16,3963.85,2196.4890842708164,1767.3609157291835,3
ORD00856,East,Furniture,Headphones,2025-01-09,3283.91,2008.039876910155,1275.8701230898448,5
ORD00857,East,Electronics,Headphones,2025-05-14,2254.17,1545.007947306429,709.162052693571,2
ORD00858,West,Clothing,Laptop,2025-04-01,3451.72,2172.370659172544,1279.3493408274558,5
ORD00859,South,Furniture,Chair,2025-09-27,986.44,517.6685641733052,468.77143582669487,4
ORD00860,North,Electronics,Watch,2025-05-31,4042.35,3363.7367877932597,678.6132122067402,4
ORD00861,North,Accessories,Laptop,2025-02-17,2860.68,1432.404208594848,1428.275791405152,5
ORD00862,East,Electronics,Watch,2025-12-25,1330.95,670.2531071417042,660.6968928582959,2
ORD00863,South,Furniture,Chair,2025-05-14,1858.77,1179.790470661922,678.979529338078,1
ORD00864,South,Accessories,Watch,2025-07-08,902.05,483.75143605081473,418.2985639491852,1
ORD00865,East,Accessories,Shoes,2025-05-16,2360.47,1240.5537071212118,1119.916292878788,3
ORD00866,North,Electronics,Laptop,2025-03-17,1854.75,1059.0248246299432,795.7251753700568,4
ORD00867,South,Accessories,Laptop,2025-03-12,972.67,806.8268600861801,165.84313991381987,4
ORD00868,North,Accessories,Shoes,2025-03-27,4147.13,3201.4390116969817,945.6909883030185,3
ORD00869,North,Accessories,Watch,2025-07-06,819.15,620.8955606521293,198.25443934787063,5
ORD00870,South,Accessories,Watch,2025-12-29,605.02,500.32114004260274,104.69885995739725,4
ORD00871,West,Accessories,Watch,2025-07-28,2470.42,1950.2928236852406,520.1271763147595,2
ORD00872,North,Furniture,Shoes,2025-11-17,1992.3,1142.644337350449,849.655662649551,2
ORD00873,West,Accessories,Headphones,2025-02-22,4893.37,2639.4422022343733,2253.9277977656266,3
ORD00874,West,Accessories,Watch,2025-12-20,4366.16,3372.741354058763,993.4186459412367,2
ORD00875,East,Electronics,T-Shirt,2025-02-21,2036.08,1728.9436636368869,307.13633636311306,1
ORD00876,East,Clothing,Chair,2025-01-15,4073.96,2452.2073245179713,1621.7526754820287,4
ORD00877,South,Furniture,T-Shirt,2025-04-28,4701.05,3170.8022521450926,1530.2477478549076,3
ORD00878,West,Electronics,Laptop,2025-08-24,3992.88,2321.8390926904326,1671.0409073095675,4
ORD00879,East,Furniture,Shoes,2025-09-08,4640.24,3530.003533133284,1110.236466866716,1
ORD00880,North,Clothing,Phone,2025-07-27,3150.07,2671.9366410008115,478.13335899918866,5
ORD00881,North,Accessories,Headphones,2025-12-11,3543.18,2742.1088337083343,801.0711662916656,5
ORD00882,East,Electronics,Headphones,2025-11-01,2583.82,2054.4787383993958,529.3412616006044,5
ORD00883,East,Furniture,Desk,2025-11-22,594.16,456.0127547862713,138.1472452137287,1
ORD00884,North,Furniture,Watch,2025-10-23,3052.95,2678.4533904360746,374.4966095639252,5
ORD00885,South,Electronics,Shoes,2025-03-09,4368.88,3492.3691397743396,876.5108602256605,5
ORD00886,East,Electronics,Shoes,2025-11-06,1657.4,1025.4440085374504,631.9559914625497,5
ORD00887,South,Electronics,Phone,2025-02-24,2484.98,1445.2841823981707,1039.6958176018293,2
ORD00888,South,Clothing,Watch,2025-09-19,1329.44,838.2744935423639,491.1655064576362,1
ORD00889,West,Accessories,T-Shirt,2025-01-27,1893.13,966.431975298528,926.6980247014721,3
ORD00890,North,Clothing,Chair,2025-02-09,3550.92,2029.1156959791842,1521.8043040208158,3
ORD00891,West,Furniture,Desk,2025-11-10,715.43,375.8816143305106,339.54838566948933,3
ORD00892,East,Accessories,Chair,2025-02-26,2469.33,2172.1762137207124,297.1537862792875,4
ORD00893,West,Electronics,Desk,2025-07-02,2983.34,2189.0606402491885,794.2793597508116,4
ORD00894,West,Electronics,Chair,2025-07-21,2883.89,1548.4733055231259,1335.416694476874,3
ORD00895,North,Accessories,Chair,2025-12-16,2747.6,2423.1474175547723,324.45258244522756,1
ORD00896,East,Accessories,Chair,2025-06-08,4392.85,2979.156618655226,1413.6933813447745,5
ORD00897,South,Accessories,Laptop,2025-12-06,2252.25,1678.710458992546,573.5395410074541,3
ORD00898,North,Electronics,Watch,2025-08-12,3574.52,2245.8510486955956,1328.6689513044043,4
ORD00899,West,Clothing,Headphones,2025-03-23,1309.78,936.8690506533467,372.9109493466533,5
ORD00900,East,Furniture,Shoes,2025-06-15,2443.79,2150.511445092227,293.278554907773,5
ORD00901,West,Electronics,Headphones,2025-09-14,4790.91,2561.596075427546,2229.3139245724537,5
ORD00902,West,Furniture,T-Shirt,2025-06-20,1341.29,863.2035528058962,478.0864471941038,1
ORD00903,East,Electronics,Desk,2025-03-26,1579.87,1334.7509262481697,245.11907375183023,1
ORD00904,West,Furniture,Phone,2025-06-09,3915.03,2665.162220701805,1249.8677792981953,5
ORD00905,South,Accessories,Chair,2025-06-23,630.78,398.7785582405887,232.00144175941125,2
ORD00906,West,Electronics,Laptop,2025-07-02,857.81,731.630725211796,126.179274788204,5
ORD00907,West,Accessories,Chair,2025-06-17,4695.95,3714.9424214958467,981.0075785041531,5
ORD00908,South,Furniture,Phone,2025-06-03,2768.57,1895.5617582920543,873.0082417079459,4
ORD00909,North,Furniture,Desk,2025-07-20,2221.24,1650.4302883760843,570.8097116239155,2
ORD00910,East,Clothing,Laptop,2025-02-18,4347.01,3456.2937308594874,890.7162691405128,3
ORD00911,South,Clothing,Headphones,2025-11-07,3877.05,2390.6746161188494,1486.3753838811508,4
ORD00912,East,Clothing,Laptop,2025-09-26,2695.04,1398.6581981693002,1296.3818018306997,5
ORD00913,South,Clothing,Watch,2025-04-25,2772.07,1961.6972408225906,810.3727591774095,1
ORD00914,West,Electronics,Laptop,2025-07-21,2183.88,1461.603152574108,722.2768474258921,4
ORD00915,East,Furniture,Laptop,2025-01-18,3805.15,2483.4730850580163,1321.6769149419838,3
ORD00916,West,Furniture,Laptop,2025-07-22,3698.55,2470.0326685751647,1228.5173314248354,4
ORD00917,South,Clothing,Shoes,2025-12-13,1703.13,888.2366358650457,814.8933641349544,2
ORD00918,East,Accessories,Phone,2025-04-27,3509.68,1871.875149034844,1637.8048509651558,1
ORD00919,West,Electronics,Shoes,2025-12-16,511.04,282.07199901854295,228.96800098145707,3
ORD00920,East,Accessories,Laptop,2025-08-05,4356.57,2933.444231892994,1423.1257681070056,5
ORD00921,West,Accessories,T-Shirt,2025-12-19,807.11,563.3222408615155,243.7877591384845,5
ORD00922,East,Electronics,Chair,2025-05-09,3836.61,2323.5753052537466,1513.0346947462535,5
ORD00923,East,Clothing,Watch,2025-01-11,734.88,500.3988429459198,234.4811570540802,3
ORD00924,North,Accessories,Chair,2025-05-10,2306.1,1763.7670821611991,542.3329178388008,2
ORD00925,South,Furniture,Desk,2025-04-01,692.75,547.9061820124032,144.84381798759682,3
ORD00926,South,Electronics,Desk,2025-03-25,4281.36,3763.7907952947266,517.569204705273,2
ORD00927,North,Electronics,Chair,2025-12-07,3672.84,2170.4378160950887,1502.4021839049115,1
ORD00928,South,Clothing,Headphones,2025-11-06,4815.72,3178.463467442167,1637.2565325578335,2
ORD00929,West,Electronics,Shoes,2025-07-20,2671.4,2109.553286688848,561.8467133111521,2
ORD00930,West,Furniture,Phone,2025-11-09,4486.38,3071.8563835981754,1414.5236164018247,5
ORD00931,West,Furniture,Laptop,2025-12-15,3064.5,2151.975501412319,912.5244985876811,5
ORD00932,North,Electronics,T-Shirt,2025-07-07,793.84,561.6257620732027,232.2142379267973,3
ORD00933,West,Furniture,Laptop,2025-07-26,2142.17,1334.1203304604069,808.0496695395932,2
ORD00934,South,Clothing,Watch,2025-02-03,4077.15,2050.9294020877956,2026.2205979122045,1
ORD00935,North,Furniture,Shoes,2025-10-22,4806.47,2749.863575661852,2056.6064243381484,3
ORD00936,West,Accessories,T-Shirt,2025-02-25,3688.09,2155.236406507683,1532.853593492317,5
ORD00937,West,Electronics,T-Shirt,2025-08-18,4377.07,3550.990378797027,826.0796212029727,4
ORD00938,East,Clothing,Watch,2025-09-15,3770.72,2829.3182037832307,941.4017962167691,3
ORD00939,South,Clothing,Desk,2025-02-06,2794.39,2494.6771763814613,299.71282361853855,4
ORD00940,South,Clothing,Phone,2025-07-18,1404.58,750.4053310913163,654.1746689086837,4
ORD00941,East,Electronics,Desk,2025-10-11,4560.16,2559.6804522994503,2000.4795477005496,4
ORD00942,North,Furniture,Desk,2025-02-20,2913.04,2450.7518666564997,462.28813334350025,2
ORD00943,East,Furniture,Phone,2025-10-19,1049.1,898.6179676773421,150.4820323226578,4
ORD00944,North,Clothing,Phone,2025-12-03,3326.01,2380.333027486924,945.6769725130762,1
ORD00945,North,Electronics,Shoes,2025-10-15,2351.53,1600.713425501568,750.8165744984321,5
ORD00946,South,Furniture,Laptop,2025-11-26,4253.95,3813.489440116322,440.4605598836779,4
ORD00947,North,Clothing,Headphones,2025-03-29,814.33,535.5234249980899,278.8065750019101,5
ORD00948,North,Furniture,Headphones,2025-12-02,3943.67,2248.398149092318,1695.2718509076822,4
ORD00949,East,Furniture,Laptop,2025-09-18,3326.01,1921.2636562799617,1404.7463437200386,3
ORD00950,West,Electronics,Desk,2025-07-06,2288.52,1358.3832887847389,930.1367112152611,1
ORD00951,North,Accessories,Watch,2025-12-13,3737.67,3214.8882359155727,522.7817640844273,1
ORD00952,East,Clothing,Headphones,2025-09-12,1494.79,790.1476550475905,704.6423449524094,1
ORD00953,East,Electronics,Laptop,2025-09-01,2852.7,2247.116202781695,605.5837972183049,4
ORD00954,West,Accessories,Chair,2025-06-22,3916.34,3003.790186560995,912.549813439005,2
ORD00955,South,Furniture,Desk,2025-07-10,3186.99,2027.8882476720266,1159.1017523279731,1
ORD00956,North,Accessories,Phone,2025-05-24,3515.15,2371.174349834544,1143.975650165456,2
ORD00957,South,Clothing,Headphones,2025-03-03,1077.6,940.0433502748301,137.5566497251698,4
ORD00958,East,Accessories,Laptop,2025-06-21,4235.49,3058.088810398084,1177.4011896019156,2
ORD00959,East,Clothing,Desk,2025-02-23,979.74,719.9442395726212,259.7957604273788,5
ORD00960,North,Clothing,Shoes,2025-10-13,601.73,523.8795063786649,77.85049362133509,2
ORD00961,East,Electronics,Chair,2025-05-29,2320.03,1662.7933928988318,657.2366071011684,2
ORD00962,East,Accessories,Desk,2025-07-06,1398.65,981.8614210643301,416.78857893567,1
ORD00963,East,Electronics,Watch,2025-12-09,1144.97,858.427411503952,286.542588496048,5
ORD00964,East,Furniture,Desk,2025-12-23,1360.67,1176.8773185975476,183.79268140245244,4
ORD00965,South,Furniture,T-Shirt,2025-05-13,2400.69,1836.1062704966594,564.5837295033407,2
ORD00966,West,Furniture,Chair,2025-04-19,4295.36,2245.154172515617,2050.2058274843826,3
ORD00967,South,Clothing,Laptop,2025-05-28,854.56,486.5584802866556,368.00151971334435,4
ORD00968,East,Clothing,Phone,2025-06-10,4860.36,3389.3682027298705,1470.9917972701292,4
ORD00969,South,Accessories,Headphones,2025-08-08,3916.41,3332.775650344652,583.6343496553477,2
ORD00970,South,Furniture,Phone,2025-09-08,4498.55,2899.344789051877,1599.2052109481233,5
ORD00971,North,Clothing,Watch,2025-03-22,4247.0,2565.7533345998504,1681.2466654001496,1
ORD00972,North,Clothing,Shoes,2025-07-02,4643.08,3016.379513985277,1626.700486014723,3
ORD00973,East,Electronics,T-Shirt,2025-04-04,2133.1,1136.0626079568804,997.0373920431196,2
ORD00974,North,Furniture,Laptop,2025-04-20,2719.17,1597.0294495806243,1122.1405504193758,2
ORD00975,East,Electronics,Chair,2025-10-03,2725.59,1622.891025107149,1102.698974892851,4
ORD00976,North,Electronics,Laptop,2025-10-30,762.89,571.9846356624612,190.9053643375388,1
ORD00977,West,Furniture,Phone,2025-06-27,2278.91,1402.8680753728122,876.0419246271877,2
ORD00978,West,Furniture,Watch,2025-12-09,1030.34,702.8539384912514,327.48606150874855,4
ORD00979,West,Furniture,Chair,2025-05-15,751.84,672.6111297350452,79.22887026495482,3
ORD00980,South,Electronics,Laptop,2025-08-17,3125.88,2742.629094356004,383.25090564399625,1
ORD00981,North,Clothing,Headphones,2025-11-22,2887.7,1842.468988650942,1045.2310113490578,1
ORD00982,South,Electronics,Shoes,2025-12-20,573.73,337.8254193184695,235.9045806815305,2
ORD00983,East,Furniture,Chair,2025-06-04,920.67,534.2970082444895,386.3729917555105,1
ORD00984,East,Clothing,Phone,2025-06-02,1924.48,1701.8224843354317,222.65751566456834,4
ORD00985,South,Furniture,Phone,2025-02-08,3637.73,3032.2535292703574,605.4764707296426,4
ORD00986,North,Accessories,Desk,2025-02-07,3317.93,1985.5258695796942,1332.4041304203056,3
ORD00987,South,Accessories,Laptop,2025-12-16,1935.58,1510.0166043250088,425.56339567499117,3
ORD00988,East,Clothing,Headphones,2025-04-09,2102.24,1796.6043648050622,305.63563519493755,5
ORD00989,North,Electronics,T-Shirt,2025-02-21,4014.45,2920.392412626236,1094.057587373764,1
ORD00990,East,Accessories,Phone,2025-10-18,4986.83,3001.344023555656,1985.485976444344,3
ORD00991,North,Electronics,Chair,2025-08-21,2573.69,1947.9899673609166,625.7000326390835,3
ORD00992,East,Furniture,Headphones,2025-07-11,2884.2,1944.386237016562,939.8137629834378,2
ORD00993,East,Electronics,Chair,2025-08-19,3406.95,1836.2327742537998,1570.7172257462,4
ORD00994,West,Clothing,Laptop,2025-05-22,4885.02,2639.167019324444,2245.8529806755564,3
ORD00995,North,Clothing,Chair,2025-04-20,4783.01,3975.826495708692,807.183504291308,3
ORD00996,North,Accessories,Watch,2025-03-05,2662.67,2297.020921337164,365.649078662836,1
ORD00997,West,Accessories,Watch,2025-07-28,3124.15,2145.6214742127954,978.5285257872047,5
ORD00998,East,Accessories,Headphones,2025-04-01,2460.55,1620.6362116347805,839.9137883652197,2
ORD00999,West,Electronics,Headphones,2025-11-13,594.8,393.987043528755,200.81295647124495,2
ORD01000,West,Electronics,T-Shirt,2025-11-25,1338.76,722.6487790565733,616.1112209434267,2
ORD01001,West,Furniture,Laptop,2025-11-01,3224.86,1998.0232241803233,1226.8367758196769,4
ORD01002,North,Accessories,Phone,2025-11-26,2200.22,1337.1248121887184,863.0951878112814,5
ORD01003,North,Furniture,T-Shirt,2025-07-22,1130.22,1004.8443216956524,125.37567830434762,4
ORD01004,North,Accessories,Desk,2025-07-28,4054.41,3371.126708691401,683.283291308599,1
ORD01005,South,Furniture,Shoes,2025-10-04,2049.16,1268.921540196695,780.2384598033047,1
ORD01006,East,Clothing,T-Shirt,2025-04-29,1644.2,1025.8776191501474,618.3223808498526,5
ORD01007,North,Electronics,Phone,2025-04-29,2072.99,1361.9055522313404,711.0844477686594,1
ORD01008,North,Clothing,Headphones,2025-09-29,1123.09,872.80848495504,250.28151504495997,5
ORD01009,South,Accessories,Shoes,2025-07-20,4298.47,3212.4226276111085,1086.0473723888917,2
ORD01010,North,Clothing,Chair,2025-05-28,1489.08,754.6946609666531,734.3853390333468,5
ORD01011,North,Furniture,Chair,2025-12-31,2112.97,1503.7908756062668,609.179124393733,1
ORD01012,North,Furniture,Watch,2025-09-22,2203.8,1451.9623986030208,751.8376013969794,5
ORD01013,South,Accessories,Shoes,2025-12-31,3320.94,1880.3949747327413,1440.5450252672588,1
ORD01014,East,Accessories,Chair,2025-01-24,4889.21,4269.818995968263,619.3910040317369,1
ORD01015,North,Accessories,Phone,2025-11-05,613.1,453.1547441246267,159.94525587537333,2
ORD01016,South,Electronics,Shoes,2025-01-05,2639.58,1823.9278788282245,815.6521211717754,2
ORD01017,South,Furniture,Chair,2025-09-12,4654.89,2511.0780687028564,2143.811931297144,5
ORD01018,North,Electronics,T-Shirt,2025-09-28,2250.77,1670.5406744654304,580.2293255345696,4
ORD01019,South,Clothing,T-Shirt,2025-12-07,3035.11,1917.6250203274737,1117.4849796725264,5
ORD01020,West,Furniture,Phone,2025-07-21,3738.36,2504.9471329456296,1233.4128670543705,5
ORD01021,East,Clothing,Laptop,2025-12-07,1651.16,991.6197742555602,659.5402257444399,5
ORD01022,South,Furniture,Laptop,2025-04-17,2996.1,2195.153074685267,800.9469253147331,4
ORD01023,North,Accessories,Chair,2025-01-29,1863.08,1336.6715776940664,526.4084223059335,2
ORD01024,West,Clothing,Watch,2025-07-09,1541.96,797.6900468326409,744.2699531673592,2
ORD01025,North,Electronics,Headphones,2025-11-27,968.12,610.3717456227496,357.7482543772504,2
ORD01026,East,Accessories,T-Shirt,2025-12-21,3955.89,2396.1979097310577,1559.6920902689421,2
ORD01027,North,Furniture,Headphones,2025-02-16,928.47,652.7264103652768,275.7435896347232,1
ORD01028,West,Electronics,Phone,2025-07-23,4732.63,3591.1527100285625,1141.4772899714376,2
ORD01029,West,Clothing,Desk,2025-11-16,3580.81,1860.556102854714,1720.253897145286,2
ORD01030,East,Accessories,Phone,2025-08-08,1645.93,1337.2598880131475,308.6701119868526,3
ORD01031,North,Accessories,Headphones,2025-12-14,3846.97,2566.610415444746,1280.3595845552536,5
ORD01032,North,Accessories,Shoes,2025-03-11,1859.7,1505.2072425579304,354.49275744206966,1
ORD01033,North,Accessories,Chair,2025-07-13,4211.27,3365.2269497227007,846.0430502772997,4
ORD01034,South,Electronics,Laptop,2025-04-05,2538.41,1348.3250509125232,1190.0849490874766,2
ORD01035,East,Accessories,T-Shirt,2025-11-27,2189.32,1677.403206011438,511.9167939885622,1
ORD01036,North,Clothing,Laptop,2025-01-31,625.37,555.5416653168642,69.82833468313584,4
ORD01037,West,Clothing,Laptop,2025-03-16,532.74,410.63283201405875,122.10716798594126,4
ORD01038,South,Accessories,Shoes,2025-05-10,659.27,392.4137257238804,266.85627427611956,5
ORD01039,North,Furniture,Chair,2025-07-12,4569.24,3448.104201247751,1121.1357987522488,1
ORD01040,West,Furniture,Watch,2025-09-02,797.33,559.9479535963743,237.38204640362574,5
ORD01041,North,Furniture,Desk,2025-10-08,3693.76,3214.331752916024,479.4282470839762,4
ORD01042,West,Electronics,Laptop,2025-11-21,2183.39,1566.3392142386645,617.0507857613354,5
ORD01043,South,Accessories,Phone,2025-07-01,1597.41,1341.282890643713,256.12710935628706,3
ORD01044,North,Furniture,Watch,2025-05-31,3352.95,2193.509928035031,1159.4400719649689,5
ORD01045,West,Electronics,Chair,2025-09-19,4512.97,2830.568803448871,1682.401196551129,5
ORD01046,North,Accessories,Laptop,2025-04-22,1832.99,1278.4316195509161,554.5583804490839,5
ORD01047,East,Clothing,Phone,2025-03-23,592.66,524.0235473619022,68.63645263809781,1
ORD01048,North,Accessories,Desk,2025-07-15,1193.5,928.7733973540005,264.7266026459995,4
ORD01049,East,Accessories,T-Shirt,2025-08-25,4271.05,2963.078832808924,1307.9711671910763,4
ORD01050,North,Furniture,Desk,2025-12-17,846.05,593.4716718574418,252.57832814255812,4
ORD01051,South,Furniture,Watch,2025-09-03,2901.15,2580.6548483237257,320.4951516762744,3
ORD01052,South,Accessories,Headphones,2025-02-02,1978.65,1275.054107559824,703.5958924401762,4
ORD01053,West,Clothing,Shoes,2025-07-17,2013.53,1392.9972015835315,620.5327984164685,5
ORD01054,East,Clothing,Headphones,2025-07-28,3430.29,1868.780141084919,1561.509858915081,3
ORD01055,North,Electronics,Watch,2025-03-12,1116.38,850.2934012187218,266.0865987812783,3
ORD01056,South,Electronics,Headphones,2025-09-19,4106.03,3355.89643165867,750.1335683413299,1
ORD01057,West,Accessories,Watch,2025-01-20,3123.14,2373.3859781329256,749.7540218670742,3
ORD01058,West,Electronics,Phone,2025-05-28,2685.86,1488.1968650558501,1197.66313494415,2
ORD01059,South,Clothing,T-Shirt,2025-12-14,4147.25,2800.8202114189544,1346.4297885810456,5
ORD01060,West,Furniture,T-Shirt,2025-12-17,985.61,540.7450160965678,444.8649839034322,5
ORD01061,North,Accessories,Shoes,2025-12-20,1565.13,1324.2001995887806,240.9298004112195,4
ORD01062,South,Accessories,Chair,2025-11-26,1284.41,678.6630732679771,605.746926732023,3
ORD01063,North,Clothing,T-Shirt,2025-10-10,1037.38,715.6540031710931,321.725996828907,5
ORD01064,West,Accessories,Chair,2025-01-13,3711.46,2865.1707288814737,846.2892711185264,5
ORD01065,North,Accessories,Desk,2025-01-06,549.49,481.5597168271653,67.93028317283472,1
ORD01066,West,Furniture,Watch,2025-05-07,1042.37,550.9598668342682,491.41013316573174,4
ORD01067,North,Accessories,T-Shirt,2025-11-03,2734.41,1387.6175705833057,1346.7924294166942,4
ORD01068,North,Electronics,Phone,2025-04-18,2628.82,1986.3223727240384,642.4976272759618,5
ORD01069,North,Accessories,Shoes,2025-07-04,3601.14,1921.8106791013768,1679.329320898623,2
ORD01070,East,Accessories,Desk,2025-04-10,4185.3,2736.504533175026,1448.795466824974,1
ORD01071,South,Furniture,Watch,2025-06-08,580.76,501.1100133748441,79.64998662515592,2
ORD01072,East,Electronics,T-Shirt,2025-01-31,2845.1,2207.7114452365904,637.3885547634095,3
ORD01073,North,Accessories,Desk,2025-01-17,3900.4,2237.69132200301,1662.70867799699,5
ORD01074,North,Clothing,Chair,2025-01-18,1960.94,1734.874238968954,226.06576103104612,2
ORD01075,South,Clothing,Shoes,2025-10-04,1675.22,1041.5725363245924,633.6474636754076,4
ORD01076,West,Clothing,T-Shirt,2025-10-29,711.59,551.7872828431096,159.80271715689048,1
ORD01077,South,Accessories,Phone,2025-12-08,546.71,375.43283354479274,171.2771664552073,5
ORD01078,East,Accessories,Phone,2025-01-20,1296.98,770.0103123367165,526.9696876632835,1
ORD01079,East,Accessories,Laptop,2025-03-25,4199.95,3080.166575381844,1119.783424618156,1
ORD01080,West,Accessories,Desk,2025-05-19,1904.09,1298.1429307542924,605.9470692457076,1
ORD01081,East,Furniture,Shoes,2025-11-25,2020.66,1404.3608108553656,616.2991891446345,2
ORD01082,West,Electronics,T-Shirt,2025-06-08,1704.71,1294.2708583356846,410.43914166431546,2
ORD01083,North,Accessories,Desk,2025-07-29,4387.85,2535.061290796228,1852.7887092037722,2
ORD01084,North,Furniture,Shoes,2025-04-15,1067.01,805.7974645980798,261.21253540192015,2
ORD01085,North,Electronics,T-Shirt,2025-06-24,3332.12,2396.291695266179,935.8283047338209,2
ORD01086,East,Furniture,Shoes,2025-11-10,3946.33,3116.9956872209705,829.3343127790295,3
ORD01087,South,Accessories,Shoes,2025-03-07,1601.95,1119.4676980491136,482.4823019508865,3
ORD01088,North,Furniture,Phone,2025-02-11,809.9,469.30175331165634,340.59824668834364,5
ORD01089,West,Clothing,T-Shirt,2025-12-12,4847.54,2555.9661431925897,2291.5738568074103,2
ORD01090,East,Accessories,Laptop,2025-10-06,1910.18,1513.346435117826,396.83356488217396,2
ORD01091,South,Furniture,Laptop,2025-02-07,1043.53,767.576274312124,275.95372568787593,2
ORD01092,South,Accessories,Phone,2025-11-27,1897.56,1471.355864688092,426.204135311908,2
ORD01093,East,Furniture,Watch,2025-07-14,3890.0,3468.1340001959143,421.86599980408573,3
ORD01094,North,Furniture,Desk,2025-07-13,4832.22,2835.0889473095503,1997.13105269045,3
ORD01095,West,Electronics,Headphones,2025-11-11,3652.16,1897.659678554845,1754.500321445155,3
ORD01096,North,Furniture,Desk,2025-05-14,805.76,426.87180002953437,378.8881999704656,4
ORD01097,West,Clothing,T-Shirt,2025-11-01,4346.36,3810.806696595746,535.5533034042537,1
ORD01098,West,Electronics,Watch,2025-03-23,4400.48,3610.7630934546405,789.716906545359,5
ORD01099,West,Electronics,Headphones,2025-11-22,2881.42,2085.2383090368476,796.1816909631525,2
ORD01100,South,Furniture,Headphones,2025-03-22,2264.1,1567.039707995435,697.0602920045649,3
ORD01101,East,Accessories,Desk,2025-06-29,4215.91,2302.1822004975943,1913.7277995024056,2
ORD01102,East,Clothing,Watch,2025-07-22,1559.96,883.3648072413803,676.5951927586198,2
ORD01103,North,Accessories,Chair,2025-11-14,2917.94,2009.7337605617438,908.2062394382563,5
ORD01104,South,Accessories,Desk,2025-09-28,2302.86,2018.070878934851,284.7891210651492,3
ORD01105,East,Furniture,Laptop,2025-06-15,2907.72,2095.963984577311,811.756015422689,3
ORD01106,North,Clothing,Chair,2025-07-06,4369.77,3669.526108828635,700.2438911713652,5
ORD01107,North,Electronics,Laptop,2025-09-16,4712.43,2848.3141330572184,1864.1158669427818,4
ORD01108,West,Clothing,Phone,2025-05-05,618.99,335.89021429942454,283.09978570057547,2
ORD01109,North,Electronics,Phone,2025-03-18,728.42,564.9865007181035,163.4334992818965,3
ORD01110,West,Clothing,Watch,2025-12-10,1959.68,1540.0866688940034,419.59333110599664,3
ORD01111,West,Accessories,Desk,2025-01-29,719.76,470.7101258980318,249.04987410196821,5
ORD01112,North,Clothing,Headphones,2025-10-12,826.4,466.3992129671435,360.00078703285646,1
ORD01113,East,Accessories,Headphones,2025-12-11,3594.41,2770.142400597638,824.2675994023621,4
ORD01114,South,Clothing,T-Shirt,2025-10-12,2378.28,1476.7821391389668,901.4978608610334,4
ORD01115,East,Furniture,Laptop,2025-12-22,4804.62,3703.8786556130403,1100.7413443869596,1
ORD01116,West,Accessories,Laptop,2025-04-18,2810.74,2293.449018172596,517.2909818274038,4
ORD01117,South,Furniture,Shoes,2025-04-17,1075.91,849.8869770899219,226.02302291007823,3
ORD01118,South,Accessories,Shoes,2025-10-30,2962.73,1588.8936477951574,1373.8363522048426,1
ORD01119,North,Clothing,Shoes,2025-06-12,3591.18,2326.8402322291254,1264.3397677708745,1
ORD01120,East,Furniture,Desk,2025-03-07,1362.09,1037.0839319440443,325.00606805595567,5
ORD01121,West,Clothing,Shoes,2025-02-03,2699.82,1651.3896109113493,1048.4303890886508,1
ORD01122,South,Furniture,Watch,2025-03-01,3079.29,2171.7130849303676,907.5769150696324,4
ORD01123,North,Electronics,Desk,2025-12-25,3575.04,1813.1309768839183,1761.9090231160817,3
ORD01124,West,Electronics,Shoes,2025-06-07,1460.12,734.0700360729866,726.0499639270133,1
ORD01125,West,Furniture,T-Shirt,2025-06-06,1225.08,630.0146436957243,595.0653563042756,4
ORD01126,West,Clothing,Watch,2025-08-08,4233.1,2633.6950342694745,1599.4049657305259,2
ORD01127,South,Clothing,Desk,2025-07-09,1133.23,640.8640246741107,492.3659753258893,1
ORD01128,North,Accessories,Shoes,2025-10-28,4839.14,4238.149943958894,600.9900560411061,3
ORD01129,North,Furniture,Headphones,2025-01-16,3412.7,2013.4540053677422,1399.2459946322576,1
ORD01130,West,Furniture,Phone,2025-04-21,4705.53,2880.985654016473,1824.544345983527,2
ORD01131,East,Electronics,Shoes,2025-05-20,4661.42,2622.054582573851,2039.3654174261492,2
ORD01132,North,Accessories,Desk,2025-10-31,2091.06,1559.2629663586858,531.7970336413141,5
ORD01133,West,Clothing,T-Shirt,2025-03-13,1255.15,987.370062024501,267.77993797549914,1
ORD01134,East,Furniture,Phone,2025-08-23,3202.45,2010.2693496865766,1192.1806503134233,1
ORD01135,East,Clothing,Chair,2025-09-28,4085.12,2619.45290195653,1465.66709804347,3
ORD01136,South,Accessories,Chair,2025-03-24,4472.24,3362.448492026897,1109.7915079731029,5
ORD01137,East,Electronics,Watch,2025-02-16,741.16,651.7916249672968,89.36837503270317,3
ORD01138,East,Accessories,Watch,2025-07-10,3264.34,2135.362150874874,1128.9778491251263,2
ORD01139,North,Clothing,Watch,2025-09-28,3073.14,2296.135231186747,777.0047688132527,4
ORD01140,North,Electronics,Chair,2025-09-18,3923.12,3333.734610450819,589.3853895491807,1
ORD01141,North,Clothing,Laptop,2025-09-02,1215.49,1078.7635183348614,136.72648166513864,4
ORD01142,North,Furniture,Phone,2025-10-24,1236.9,1016.3128985724906,220.58710142750954,5
ORD01143,North,Accessories,Chair,2025-06-03,1719.11,1246.6640856646143,472.4459143353856,1
ORD01144,West,Accessories,Watch,2025-07-26,3860.35,3050.8229385681634,809.5270614318365,2
ORD01145,North,Electronics,Laptop,2025-08-22,3672.24,2018.3928320123373,1653.8471679876625,2
ORD01146,North,Accessories,Headphones,2025-12-25,811.51,538.7006227552453,272.8093772447547,1
ORD01147,West,Furniture,Headphones,2025-07-28,4470.01,3708.7699286146926,761.2400713853076,3
ORD01148,South,Clothing,Phone,2025-05-05,2390.27,1420.1949693993577,970.0750306006423,3
ORD01149,South,Accessories,Shoes,2025-07-04,3131.57,1982.548414429881,1149.0215855701192,1
ORD01150,South,Accessories,Watch,2025-04-11,2764.27,2357.935651445046,406.334348554954,5
ORD01151,South,Accessories,Headphones,2025-09-18,1476.5,1248.6500666829213,227.8499333170787,3
ORD01152,North,Furniture,Desk,2025-08-13,1021.87,519.6359007466317,502.2340992533683,3
ORD01153,South,Accessories,Desk,2025-07-20,1671.21,1238.562750374706,432.6472496252941,1
ORD01154,North,Clothing,Shoes,2025-11-22,3183.97,2418.0860365658114,765.8839634341884,2
ORD01155,East,Accessories,Phone,2025-05-14,1255.19,646.1217477482719,609.0682522517282,5
ORD01156,East,Accessories,T-Shirt,2025-01-26,2146.92,1853.524813362935,293.3951866370651,1
ORD01157,North,Electronics,Shoes,2025-07-24,1555.0,1338.411466114695,216.58853388530497,2
ORD01158,West,Furniture,Phone,2025-10-07,3033.45,2095.378627118168,938.0713728818318,2
ORD01159,South,Clothing,Desk,2025-05-21,4524.06,2841.5197257296486,1682.5402742703518,3
ORD01160,South,Electronics,Desk,2025-09-28,3364.98,2733.5280834530954,631.4519165469046,3
ORD01161,East,Accessories,Headphones,2025-01-15,1151.8,639.6942755708367,512.1057244291633,2
ORD01162,South,Furniture,T-Shirt,2025-02-22,3540.39,2069.7186668046934,1470.6713331953065,1
ORD01163,North,Clothing,Phone,2025-06-30,990.82,845.7120607993575,145.1079392006426,4
ORD01164,West,Accessories,T-Shirt,2025-01-04,4290.66,3596.8240721306547,693.8359278693451,3
ORD01165,South,Clothing,Watch,2025-06-19,4918.41,2471.1502137395833,2447.2597862604166,4
ORD01166,South,Furniture,Shoes,2025-04-06,4795.53,4244.799530549303,550.7304694506965,1
ORD01167,West,Clothing,Watch,2025-06-27,934.37,511.5212909221442,422.8487090778558,5
ORD01168,South,Electronics,Shoes,2025-08-10,611.77,416.6201757924143,195.1498242075857,5
ORD01169,East,Electronics,Watch,2025-01-07,2760.27,1574.0121401228344,1186.2578598771656,3
ORD01170,West,Accessories,Desk,2025-08-01,2609.11,2248.556787364515,360.5532126354851,3
ORD01171,East,Accessories,Chair,2025-04-09,3533.36,2616.430478996777,916.9295210032233,2
ORD01172,West,Clothing,Laptop,2025-04-17,2282.37,1912.4626427050111,369.90735729498874,2
ORD01173,West,Accessories,Shoes,2025-01-21,1303.39,1036.8817082539624,266.5082917460377,3
ORD01174,West,Clothing,Watch,2025-08-03,535.64,282.95613842391987,252.68386157608012,3
ORD01175,North,Furniture,Shoes,2025-12-09,3213.76,2849.7954309773986,363.9645690226016,1
ORD01176,East,Accessories,Headphones,2025-05-12,3613.54,2880.5213864255406,733.0186135744593,3
ORD01177,West,Electronics,Shoes,2025-04-13,1151.03,853.3113190861133,297.7186809138867,2
ORD01178,West,Clothing,Phone,2025-05-16,4937.21,4427.331165604203,509.87883439579673,4
ORD01179,West,Accessories,Laptop,2025-09-02,3382.2,2817.154637742276,565.0453622577238,1
ORD01180,South,Clothing,T-Shirt,2025-07-18,4367.9,3476.3772350524755,891.5227649475241,1
ORD01181,West,Clothing,Laptop,2025-10-07,2771.35,2219.2471718573706,552.1028281426293,1
ORD01182,South,Furniture,Laptop,2025-02-11,4621.48,4047.2784771900374,574.2015228099622,4
ORD01183,East,Accessories,Watch,2025-12-03,1014.65,637.602553612786,377.047446387214,2
ORD01184,West,Clothing,Chair,2025-04-24,2734.11,1602.1713745303132,1131.938625469687,4
ORD01185,West,Accessories,T-Shirt,2025-05-07,1675.16,1429.818862966055,245.3411370339452,5
ORD01186,East,Accessories,Watch,2025-07-13,4480.91,3606.41031899801,874.4996810019898,2
ORD01187,South,Electronics,Chair,2025-07-09,3182.08,1734.0883375504382,1447.9916624495618,4
ORD01188,North,Accessories,Phone,2025-07-20,3548.04,1884.972586498071,1663.067413501929,5
ORD01189,East,Electronics,T-Shirt,2025-11-17,3005.13,1802.551365040618,1202.578634959382,3
ORD01190,East,Accessories,T-Shirt,2025-01-09,723.5,382.9991329949049,340.5008670050951,5
ORD01191,North,Accessories,T-Shirt,2025-03-15,3575.61,2229.8652135577536,1345.7447864422465,1
ORD01192,East,Furniture,Phone,2025-12-10,2384.62,2094.4958161735317,290.1241838264682,4
ORD01193,South,Furniture,Headphones,2025-04-18,4567.84,3132.7238109720083,1435.1161890279918,3
ORD01194,West,Clothing,Shoes,2025-09-25,3397.67,2399.0738738339287,998.5961261660714,4
ORD01195,North,Furniture,Phone,2025-05-27,1256.19,1024.275603278307,231.91439672169304,5
ORD01196,West,Electronics,Laptop,2025-04-05,1236.85,1063.0599938844891,173.79000611551078,5
ORD01197,North,Electronics,Watch,2025-03-14,1531.43,1151.0581390541438,380.37186094585627,3
ORD01198,South,Clothing,Headphones,2025-09-19,4277.9,3714.1254198168203,563.7745801831793,3
ORD01199,West,Furniture,Watch,2025-06-06,1495.55,1044.727192984502,450.82280701549803,4
ORD01200,East,Electronics,Chair,2025-10-24,2675.24,2086.7577969821773,588.4822030178225,1
ORD01201,South,Electronics,Laptop,2025-06-09,1569.68,1210.6444208635507,359.0355791364493,3
ORD01202,North,Furniture,Watch,2025-05-29,3640.13,2479.3411424305864,1160.7888575694137,1
ORD01203,East,Furniture,Phone,2025-06-12,2888.52,2123.3167094039377,765.2032905960623,4
ORD01204,South,Accessories,Headphones,2025-11-26,3832.3,3380.6860343781855,451.6139656218147,5
ORD01205,West,Electronics,Laptop,2025-06-17,3231.62,2352.3599818675484,879.2600181324515,5
ORD01206,West,Clothing,Desk,2025-01-05,799.38,514.5570875376934,284.8229124623066,2
ORD01207,South,Furniture,Laptop,2025-06-09,3860.08,2014.0999005653816,1845.9800994346183,1
ORD01208,South,Accessories,Chair,2025-01-23,4268.94,2313.5722044402614,1955.3677955597382,3
ORD01209,North,Electronics,Headphones,2025-04-12,3974.9,3195.6844599980204,779.2155400019797,2
ORD01210,South,Clothing,Desk,2025-11-03,2136.72,1156.694097867551,980.0259021324489,4
ORD01211,West,Accessories,T-Shirt,2025-12-14,3969.86,2487.226472645878,1482.6335273541222,3
ORD01212,West,Furniture,Shoes,2025-12-10,2442.49,1430.507082560303,1011.9829174396968,1
ORD01213,North,Clothing,Shoes,2025-08-04,2924.15,1503.1837837949283,1420.9662162050718,3
ORD01214,South,Accessories,Headphones,2025-03-30,1064.89,596.8144888550718,468.0755111449283,1
ORD01215,East,Accessories,T-Shirt,2025-05-13,769.39,385.57025988378507,383.8197401162149,2
ORD01216,North,Furniture,Desk,2025-10-29,1805.09,1422.7556447791467,382.33435522085324,2
ORD01217,East,Accessories,Laptop,2025-12-01,2292.72,1562.2655626835633,730.4544373164365,1
ORD01218,West,Accessories,Desk,2025-11-26,3265.63,2066.9240014970524,1198.7059985029478,5
ORD01219,East,Furniture,Headphones,2025-10-17,4383.95,2825.915805960875,1558.034194039125,1
ORD01220,South,Clothing,Shoes,2025-03-16,2699.87,1696.3591859309226,1003.5108140690772,5
ORD01221,West,Clothing,Laptop,2025-04-13,3836.66,1964.8400113008918,1871.819988699108,3
ORD01222,West,Clothing,Headphones,2025-04-22,4536.16,3881.2195530812596,654.9404469187402,1
ORD01223,South,Clothing,Chair,2025-09-02,1940.43,1621.7876078944294,318.6423921055707,5
ORD01224,West,Furniture,Shoes,2025-08-01,1988.9,1373.1972731781723,615.7027268218278,3
ORD01225,South,Electronics,Laptop,2025-08-25,519.98,289.3829428161622,230.59705718383782,4
ORD01226,East,Clothing,Desk,2025-01-30,701.71,366.1065255371723,335.60347446282776,4
ORD01227,South,Clothing,Chair,2025-03-11,4859.08,3071.107999383683,1787.972000616317,3
ORD01228,West,Accessories,Watch,2025-12-21,4879.26,4061.6233549779963,817.6366450220039,3
ORD01229,West,Electronics,Phone,2025-12-02,1667.24,1208.8813881710569,458.35861182894314,3
ORD01230,North,Clothing,Phone,2025-02-21,4729.65,3385.506538742575,1344.1434612574249,2
ORD01231,West,Electronics,Shoes,2025-02-18,1227.44,956.516096865819,270.92390313418105,4
ORD01232,East,Clothing,Watch,2025-02-28,1845.19,960.8181316078501,884.37186839215,2
ORD01233,East,Furniture,T-Shirt,2025-10-30,3291.14,2791.898126223283,499.24187377671706,1
ORD01234,East,Clothing,Watch,2025-04-20,4988.7,2840.555065085927,2148.144934914073,2
ORD01235,East,Furniture,Chair,2025-05-06,1511.18,1066.5686289614,444.61137103860005,1
ORD01236,West,Accessories,Chair,2025-12-10,1471.53,1046.4698505814272,425.0601494185728,1
ORD01237,West,Clothing,Chair,2025-11-08,2684.82,1735.3542375728055,949.4657624271947,2
ORD01238,West,Electronics,T-Shirt,2025-07-23,1295.64,940.0161710231105,355.6238289768896,3
ORD01239,West,Clothing,Chair,2025-03-15,4859.19,2498.0466553749816,2361.143344625018,4
ORD01240,North,Clothing,Desk,2025-10-05,3251.82,1639.2510892779171,1612.568910722083,1
ORD01241,South,Electronics,Phone,2025-03-30,1667.62,1269.0710439719148,398.54895602808506,2
ORD01242,West,Clothing,Laptop,2025-12-02,894.55,536.9676012545514,357.5823987454486,1
ORD01243,East,Clothing,Shoes,2025-11-09,3920.34,2729.6014829748783,1190.7385170251218,3
ORD01244,East,Accessories,Shoes,2025-04-24,1448.01,1281.2391384288649,166.77086157113513,3
ORD01245,South,Electronics,Phone,2025-03-20,1497.57,1321.8465995574682,175.72340044253178,5
ORD01246,South,Clothing,Shoes,2025-11-15,1370.9,787.7296436068498,583.1703563931503,2
ORD01247,East,Furniture,Watch,2025-09-20,884.73,578.1863403972213,306.5436596027787,4
ORD01248,North,Furniture,T-Shirt,2025-10-01,3378.67,2308.3422548582166,1070.3277451417835,2
ORD01249,North,Clothing,Laptop,2025-04-28,4356.67,2575.999622276917,1780.6703777230832,4
ORD01250,West,Clothing,T-Shirt,2025-03-04,3364.67,1826.6556805238038,1538.0143194761963,3
ORD01251,East,Clothing,Laptop,2025-09-17,1762.17,1068.743710673081,693.426289326919,5
ORD01252,South,Accessories,Headphones,2025-08-06,1919.71,1431.937338797459,487.77266120254103,1
ORD01253,West,Electronics,Shoes,2025-09-28,1678.07,1499.0695976008997,179.00040239910027,2
ORD01254,North,Furniture,Headphones,2025-01-24,1898.7,1658.750815392698,239.94918460730196,2
ORD01255,North,Electronics,Desk,2025-06-28,4425.4,3145.120049454566,1280.2799505454336,1
ORD01256,West,Electronics,Headphones,2025-01-25,956.0,603.72435960411,352.27564039589004,1
ORD01257,West,Furniture,Watch,2025-12-16,2139.61,1280.8502450023109,858.7597549976892,4
ORD01258,East,Clothing,Desk,2025-01-22,3847.41,2900.2481686043466,947.1618313956533,1
ORD01259,West,Electronics,Desk,2025-04-19,1199.77,956.8452350777377,242.92476492226228,5
ORD01260,East,Clothing,T-Shirt,2025-01-15,4380.5,3879.2150263946332,501.28497360536676,3
ORD01261,North,Furniture,T-Shirt,2025-11-01,1457.78,1008.1460698953241,449.63393010467587,2
ORD01262,South,Accessories,Watch,2025-04-22,3297.25,2626.2135683251386,671.0364316748614,3
ORD01263,West,Clothing,Desk,2025-01-30,932.05,561.6293102565712,370.42068974342874,4
ORD01264,West,Clothing,Shoes,2025-07-26,4999.9,3668.593013198855,1331.3069868011448,5
ORD01265,East,Furniture,Chair,2025-02-21,899.45,698.3066628000904,201.14333719990964,1
ORD01266,North,Clothing,T-Shirt,2025-09-21,4704.77,3800.8000974579877,903.9699025420127,1
ORD01267,East,Electronics,Chair,2025-12-20,4913.14,3090.200930628017,1822.9390693719834,3
ORD01268,North,Accessories,Phone,2025-02-12,1065.9,868.3524964589395,197.54750354106056,4
ORD01269,South,Accessories,Headphones,2025-12-30,2698.28,1877.8369455425147,820.4430544574855,4
ORD01270,West,Furniture,Desk,2025-08-14,1402.06,1004.4214568433192,397.6385431566807,4
ORD01271,South,Accessories,Watch,2025-12-04,807.77,410.14278738654616,397.6272126134538,3
ORD01272,South,Furniture,T-Shirt,2025-12-01,3966.26,2721.686723313234,1244.5732766867663,3
ORD01273,West,Clothing,Desk,2025-01-03,4221.74,3453.037251541639,768.7027484583609,2
ORD01274,West,Furniture,Phone,2025-06-06,4679.01,3182.2961670520926,1496.7138329479076,3
ORD01275,North,Clothing,Desk,2025-09-10,3791.83,1952.309961976385,1839.520038023615,5
ORD01276,East,Electronics,Shoes,2025-02-01,975.66,711.4928459611615,264.1671540388385,2
ORD01277,North,Furniture,Chair,2025-07-24,4516.07,2970.148013041258,1545.9219869587419,4
ORD01278,North,Furniture,Chair,2025-12-01,3399.44,2650.718931077131,748.7210689228691,2
ORD01279,East,Furniture,Headphones,2025-09-19,3104.37,2573.4575386218958,530.9124613781041,4
ORD01280,North,Electronics,Shoes,2025-09-08,1839.15,996.8570543439055,842.2929456560946,2
ORD01281,North,Electronics,Chair,2025-10-22,4409.35,2586.8477207250576,1822.5022792749428,5
ORD01282,East,Accessories,Shoes,2025-04-01,4572.03,2634.2643559118733,1937.7656440881265,5
ORD01283,North,Accessories,Headphones,2025-04-28,3953.29,1981.7581480918227,1971.5318519081773,5
ORD01284,South,Electronics,Laptop,2025-06-15,4873.73,2638.3946138411725,2235.335386158827,4
ORD01285,West,Accessories,T-Shirt,2025-01-28,755.55,517.4678019647893,238.0821980352107,1
ORD01286,West,Accessories,Desk,2025-12-19,1183.2,924.5987648215075,258.6012351784925,2
ORD01287,South,Accessories,Chair,2025-06-14,718.89,590.5831971382885,128.3068028617115,1
ORD01288,East,Furniture,T-Shirt,2025-09-13,3168.98,1674.2632731438991,1494.7167268561009,1
ORD01289,East,Clothing,Watch,2025-04-17,1598.96,1308.7311919384401,290.2288080615599,5
ORD01290,South,Furniture,Phone,2025-04-11,2974.49,2451.555932397114,522.934067602886,1
ORD01291,East,Accessories,T-Shirt,2025-06-23,4771.56,4176.012285334252,595.5477146657486,2
ORD01292,West,Accessories,Desk,2025-04-23,4166.14,2660.2698245879224,1505.870175412078,2
ORD01293,East,Furniture,Headphones,2025-02-17,1444.47,994.7372525427329,449.7327474572671,4
ORD01294,South,Furniture,Laptop,2025-09-30,984.12,610.3394899186765,373.78051008132354,4
ORD01295,South,Furniture,T-Shirt,2025-09-01,4424.7,3889.647762184174,535.0522378158257,4
ORD01296,East,Accessories,Desk,2025-04-23,3276.74,2790.24313215505,486.49686784495,2
ORD01297,North,Furniture,Laptop,2025-11-28,753.29,561.0845570219458,192.20544297805418,4
ORD01298,North,Electronics,Headphones,2025-09-21,4871.29,2990.893249083255,1880.396750916745,3
ORD01299,South,Clothing,Phone,2025-05-07,585.16,414.55603680927896,170.603963190721,1
ORD01300,North,Electronics,Shoes,2025-01-20,1795.58,1029.7154611489082,765.8645388510918,2
ORD01301,East,Accessories,Headphones,2025-10-27,2664.75,2097.6049758510303,567.1450241489697,4
ORD01302,East,Accessories,Headphones,2025-04-16,642.07,463.9527305462649,178.11726945373516,3
ORD01303,East,Accessories,Watch,2025-09-08,4421.17,2855.8775979996917,1565.2924020003084,2
ORD01304,East,Accessories,Shoes,2025-01-25,2666.02,1972.2711956828985,693.7488043171015,5
ORD01305,West,Furniture,Headphones,2025-04-02,2033.71,1678.2917729255319,355.4182270744682,4
ORD01306,East,Accessories,T-Shirt,2025-12-30,1796.38,1363.9510688504447,432.4289311495554,1
ORD01307,West,Electronics,Headphones,2025-09-13,3764.83,2404.5617568300745,1360.2682431699254,3
ORD01308,West,Electronics,Laptop,2025-05-21,1554.37,1352.0666303262694,202.30336967373046,5
ORD01309,East,Clothing,Desk,2025-08-27,4643.33,2431.166443842821,2212.163556157179,3
ORD01310,South,Accessories,Laptop,2025-05-16,2932.2,2469.41736563911,462.7826343608899,3
ORD01311,West,Accessories,Chair,2025-06-11,2740.92,1808.4431789796045,932.4768210203956,3
ORD01312,North,Accessories,Laptop,2025-05-14,3845.87,2922.482126334755,923.387873665245,2
ORD01313,East,Clothing,Phone,2025-08-28,1700.67,1471.623299612446,229.04670038755398,3
ORD01314,West,Accessories,Headphones,2025-06-08,2406.95,1212.1049100014911,1194.8450899985087,2
ORD01315,South,Clothing,Chair,2025-09-25,1013.9,597.094026807325,416.80597319267497,5
ORD01316,South,Electronics,Headphones,2025-11-27,4975.81,3119.5570604192476,1856.2529395807528,5
ORD01317,East,Furniture,Headphones,2025-12-19,1036.14,879.4446593075452,156.69534069245492,3
ORD01318,West,Furniture,Chair,2025-07-14,1946.2,1210.1937444385321,736.0062555614679,5
ORD01319,South,Furniture,Desk,2025-08-30,742.98,489.24375070579686,253.73624929420316,5
ORD01320,East,Clothing,Shoes,2025-08-25,2611.06,1400.7638886920095,1210.2961113079905,2
ORD01321,East,Accessories,Watch,2025-10-02,797.52,712.013191875828,85.50680812417193,4
ORD01322,West,Furniture,Chair,2025-02-08,4711.61,3864.394992032314,847.2150079676858,5
ORD01323,West,Furniture,Watch,2025-12-16,3527.86,1964.024933587916,1563.8350664120842,4
ORD01324,North,Accessories,Laptop,2025-08-14,1414.89,793.1316676018959,621.7583323981042,1
ORD01325,South,Electronics,Headphones,2025-07-07,1250.43,681.0772894417106,569.3527105582895,3
ORD01326,West,Clothing,Chair,2025-06-30,4626.39,3373.9002693999964,1252.489730600004,3
ORD01327,South,Accessories,Shoes,2025-08-06,2517.29,1936.890061866684,580.399938133316,1
ORD01328,North,Accessories,Laptop,2025-04-19,4883.17,3612.9876916800717,1270.1823083199283,2
ORD01329,West,Clothing,Laptop,2025-10-16,3311.18,2443.167343931672,868.0126560683279,5
ORD01330,West,Accessories,Phone,2025-08-05,1481.87,1079.5050695108202,402.36493048917964,4
ORD01331,West,Accessories,Watch,2025-03-28,4568.9,3047.1879683319685,1521.7120316680312,1
ORD01332,East,Clothing,Chair,2025-08-03,2561.47,2088.8951030896897,472.57489691031014,3
ORD01333,South,Furniture,Headphones,2025-06-22,3874.11,2404.3056696649796,1469.8043303350205,5
ORD01334,East,Furniture,Phone,2025-03-03,4357.07,3273.070218859129,1083.9997811408707,4
ORD01335,West,Clothing,T-Shirt,2025-11-07,4627.6,3894.564481918882,733.0355180811184,4
ORD01336,South,Clothing,Watch,2025-09-09,943.75,519.0525356103517,424.6974643896483,1
ORD01337,North,Accessories,Laptop,2025-01-12,1097.07,759.8396793673526,337.23032063264736,5
ORD01338,West,Clothing,Watch,2025-02-08,3307.74,2931.0504606699837,376.68953933001603,1
ORD01339,West,Clothing,Phone,2025-08-15,1872.76,1066.442191956381,806.3178080436189,4
ORD01340,North,Electronics,Phone,2025-10-14,2516.23,1376.6338218359647,1139.5961781640353,5
ORD01341,North,Clothing,Shoes,2025-05-28,618.5,506.7110289680849,111.78897103191508,3
ORD01342,West,Electronics,T-Shirt,2025-10-28,3940.39,3437.714802338601,502.67519766139867,1
ORD01343,North,Clothing,Phone,2025-12-08,3854.17,2972.820719353813,881.3492806461873,3
ORD01344,North,Electronics,Phone,2025-10-08,887.89,499.1928448945986,388.6971551054014,4
ORD01345,South,Accessories,Watch,2025-08-20,3151.6,2268.4679548509794,883.1320451490205,5
ORD01346,West,Electronics,Laptop,2025-07-26,2597.4,1406.93248797162,1190.46751202838,2
ORD01347,West,Furniture,Desk,2025-10-12,4670.45,3141.12073912911,1529.3292608708898,1
ORD01348,West,Clothing,Desk,2025-06-22,3707.33,2192.94247508192,1514.38752491808,5
ORD01349,West,Accessories,T-Shirt,2025-12-19,533.67,417.264494496009,116.40550550399098,4
ORD01350,West,Furniture,Desk,2025-06-21,3781.47,2808.247529938,973.222470062,4
ORD01351,South,Furniture,Desk,2025-06-02,2700.56,2006.7112102491717,693.8487897508282,5
ORD01352,South,Accessories,Shoes,2025-07-26,1108.87,946.1245960411308,162.74540395886913,4
ORD01353,North,Furniture,T-Shirt,2025-04-02,3462.35,2027.0852812084217,1435.2647187915782,5
ORD01354,West,Electronics,Desk,2025-09-08,1080.11,802.3553788023991,277.75462119760084,1
ORD01355,North,Electronics,Phone,2025-04-16,2059.46,1618.3292212612416,441.1307787387584,2
ORD01356,South,Furniture,Headphones,2025-05-02,905.19,593.0126016551994,312.1773983448006,5
ORD01357,West,Accessories,Phone,2025-03-10,3081.73,1656.3735169075555,1425.3564830924445,5
ORD01358,West,Electronics,Watch,2025-03-12,1820.08,1407.366966790605,412.713033209395,3
ORD01359,West,Clothing,Laptop,2025-05-28,4797.93,4188.49615458187,609.4338454181307,1
ORD01360,West,Furniture,Chair,2025-12-08,2198.46,1478.378286496823,720.0817135031771,1
ORD01361,East,Clothing,Watch,2025-03-24,1871.66,1639.9560713160763,231.70392868392378,2
ORD01362,East,Electronics,Watch,2025-08-26,2577.77,1807.0112541206033,770.7587458793967,5
ORD01363,West,Accessories,Shoes,2025-10-05,1061.12,689.1147890671559,372.00521093284397,1
ORD01364,East,Accessories,Laptop,2025-06-08,3806.4,2193.883684098843,1612.5163159011572,1
ORD01365,North,Furniture,Desk,2025-05-28,1285.88,787.38902606537,498.4909739346301,2
ORD01366,East,Furniture,Headphones,2025-03-08,1693.97,1004.1072214043356,689.8627785956644,5
ORD01367,North,Electronics,Desk,2025-11-27,3435.7,3073.3923921905084,362.3076078094914,5
ORD01368,North,Accessories,Watch,2025-11-15,2359.48,1692.5889370313034,666.8910629686966,2
ORD01369,West,Electronics,T-Shirt,2025-11-04,1154.56,818.0264377549092,336.5335622450907,4
ORD01370,South,Clothing,Watch,2025-11-29,1623.03,1200.1254875534255,422.9045124465745,4
ORD01371,North,Clothing,Laptop,2025-07-07,3590.97,2259.2791671334107,1331.690832866589,4
ORD01372,East,Electronics,Phone,2025-12-11,1285.2,782.1122882209172,503.08771177908284,5
ORD01373,South,Electronics,Watch,2025-06-24,4852.87,3792.267436508701,1060.602563491299,3
ORD01374,East,Clothing,Laptop,2025-09-24,3308.79,1987.9388187051054,1320.8511812948946,3
ORD01375,North,Accessories,Chair,2025-11-05,3071.85,2011.263024243166,1060.586975756834,5
ORD01376,North,Clothing,Shoes,2025-01-19,3704.56,2538.1964117362804,1166.3635882637195,5
ORD01377,East,Furniture,Chair,2025-10-24,2491.4,2189.576191712947,301.823808287053,4
ORD01378,South,Clothing,Shoes,2025-10-01,3374.57,2264.148616413393,1110.4213835866071,5
ORD01379,East,Clothing,Shoes,2025-05-16,4456.48,2881.918162093119,1574.5618379068806,4
ORD01380,South,Clothing,Laptop,2025-08-23,3044.46,1927.7824539320106,1116.6775460679894,1
ORD01381,East,Accessories,Chair,2025-11-17,2443.14,1570.8027986122554,872.3372013877445,5
ORD01382,West,Clothing,Watch,2025-08-19,2558.76,2261.955794798232,296.8042052017681,4
ORD01383,East,Furniture,Chair,2025-07-07,2086.93,1432.4732315029526,654.4567684970473,4
ORD01384,South,Electronics,Shoes,2025-05-13,925.39,472.56527713537974,452.82472286462024,1
ORD01385,East,Accessories,Chair,2025-03-18,916.81,530.7245283336453,386.0854716663547,2
ORD01386,West,Electronics,Laptop,2025-01-29,2270.04,1539.3525147614039,730.6874852385961,5
ORD01387,East,Clothing,T-Shirt,2025-03-27,3051.64,2573.1606132335687,478.47938676643116,5
ORD01388,South,Clothing,Chair,2025-02-21,864.95,483.3469088388971,381.60309116110295,2
ORD01389,East,Clothing,Watch,2025-06-28,1311.17,1125.816313533943,185.35368646605707,1
ORD01390,West,Electronics,Desk,2025-08-08,3504.67,1819.7685433593745,1684.9014566406256,5
ORD01391,East,Electronics,T-Shirt,2025-06-09,2608.11,1776.9072785428875,831.2027214571126,3
ORD01392,North,Electronics,Phone,2025-05-26,1846.23,1157.104067589672,689.125932410328,2
ORD01393,East,Electronics,Watch,2025-11-03,3773.67,2449.4172022137577,1324.2527977862424,1
ORD01394,East,Accessories,Desk,2025-09-26,1012.65,911.3404695450024,101.30953045499757,4
ORD01395,North,Accessories,T-Shirt,2025-01-22,3709.29,3122.9836405058472,586.3063594941527,2
ORD01396,East,Furniture,Shoes,2025-03-16,790.56,461.62158739608714,328.9384126039128,4
ORD01397,North,Furniture,Shoes,2025-10-26,2756.87,1674.9913319586467,1081.8786680413532,4
ORD01398,East,Furniture,Laptop,2025-01-19,1919.31,1119.3449680857786,799.9650319142213,1
ORD01399,South,Electronics,Chair,2025-04-19,3134.07,1853.9398014238825,1280.1301985761177,5
ORD01400,West,Clothing,Laptop,2025-05-27,3874.24,3261.635331097805,612.6046689021946,3
ORD01401,West,Electronics,Watch,2025-08-12,3125.83,2474.599871063143,651.230128936857,2
ORD01402,South,Clothing,T-Shirt,2025-07-15,4285.28,2206.4136431350257,2078.866356864974,1
ORD01403,West,Electronics,Laptop,2025-06-13,1632.95,1335.372569432278,297.5774305677221,4
ORD01404,West,Furniture,Laptop,2025-03-04,1106.59,847.6414487730723,258.94855122692763,3
ORD01405,South,Accessories,Desk,2025-07-23,3218.42,2288.2306795053323,930.1893204946678,3
ORD01406,West,Clothing,Chair,2025-05-06,2297.78,1741.766561054355,556.0134389456452,1
ORD01407,West,Electronics,Headphones,2025-05-17,3592.85,2573.824310305707,1019.0256896942929,2
ORD01408,East,Clothing,Headphones,2025-11-03,1107.63,917.8297846329135,189.8002153670866,4
ORD01409,West,Clothing,Watch,2025-11-05,4913.36,3538.6495287627226,1374.710471237277,2
ORD01410,West,Accessories,Headphones,2025-08-17,1159.15,647.5583370962391,511.59166290376095,1
ORD01411,North,Electronics,Headphones,2025-10-20,1646.17,1449.9326547222956,196.23734527770443,1
ORD01412,East,Electronics,Desk,2025-09-30,3514.78,2208.1755554677943,1306.604444532206,3
ORD01413,East,Furniture,Shoes,2025-07-09,3329.0,2252.604275227197,1076.395724772803,5
ORD01414,West,Accessories,T-Shirt,2025-02-12,654.07,341.5910232062697,312.47897679373034,3
ORD01415,South,Furniture,Phone,2025-06-15,4314.74,3350.304590875205,964.4354091247947,5
ORD01416,East,Accessories,Phone,2025-12-21,4787.83,4105.850809581355,681.979190418645,5
ORD01417,North,Clothing,Phone,2025-01-03,2768.84,2155.077156568939,613.7628434310614,5
ORD01418,North,Clothing,T-Shirt,2025-07-31,1106.5,829.9210801946923,276.5789198053077,2
ORD01419,North,Clothing,Desk,2025-06-13,2976.01,2254.957932939284,721.0520670607161,1
ORD01420,North,Accessories,Desk,2025-05-13,4540.37,3178.9977016798807,1361.3722983201192,3
ORD01421,North,Electronics,T-Shirt,2025-10-15,1467.32,1298.87082274831,168.4491772516899,4
ORD01422,East,Accessories,Watch,2025-04-28,4615.55,3814.530986233095,801.0190137669051,2
ORD01423,West,Furniture,Shoes,2025-07-05,2022.44,1760.0610077046053,262.3789922953947,1
ORD01424,North,Electronics,Laptop,2025-04-06,3484.85,1774.9768626337955,1709.8731373662044,2
ORD01425,South,Accessories,Laptop,2025-02-15,3582.54,1904.703402967633,1677.8365970323669,1
ORD01426,East,Electronics,Shoes,2025-04-14,4292.89,3007.853597428735,1285.0364025712652,2
ORD01427,West,Electronics,Desk,2025-02-16,2442.31,2142.1108208307996,300.1991791692003,2
ORD01428,South,Accessories,Watch,2025-02-27,2935.87,1732.3723094756183,1203.4976905243816,1
ORD01429,West,Accessories,Desk,2025-11-28,3113.34,2170.845521493252,942.4944785067482,5
ORD01430,South,Clothing,Phone,2025-06-22,2518.44,1623.9076453438342,894.5323546561658,3
ORD01431,South,Accessories,Headphones,2025-06-08,4340.39,3657.9027772583436,682.4872227416568,2
ORD01432,North,Furniture,Laptop,2025-09-23,4007.6,2723.026149347948,1284.573850652052,4
ORD01433,West,Electronics,Phone,2025-03-01,664.39,408.57009069918735,255.81990930081264,1
ORD01434,South,Accessories,Phone,2025-04-28,3807.21,2547.8471968409817,1259.3628031590183,1
ORD01435,East,Furniture,T-Shirt,2025-11-23,4405.64,3186.463337296635,1219.1766627033653,1
ORD01436,West,Electronics,Laptop,2025-04-04,2950.49,1889.8485714997687,1060.641428500231,4
ORD01437,East,Furniture,Phone,2025-05-10,4426.46,2963.493748837073,1462.9662511629272,2
ORD01438,North,Electronics,Phone,2025-10-31,1963.45,989.7210791567686,973.7289208432314,5
ORD01439,West,Electronics,Chair,2025-03-15,2735.71,2309.6722519068526,426.03774809314746,5
ORD01440,South,Furniture,Shoes,2025-11-16,2305.11,1187.8403230946926,1117.2696769053075,3
ORD01441,North,Accessories,Desk,2025-01-13,1755.12,1151.3359221766443,603.7840778233556,4
ORD01442,West,Clothing,Laptop,2025-04-21,3553.53,2173.4211349941547,1380.1088650058455,5
ORD01443,East,Furniture,Chair,2025-08-19,4689.28,2671.392683771726,2017.887316228274,2
ORD01444,West,Accessories,Watch,2025-11-30,3505.37,1780.7364464055092,1724.6335535944906,5
ORD01445,South,Electronics,Watch,2025-02-01,1688.55,1209.1475229942514,479.40247700574855,4
ORD01446,South,Clothing,Phone,2025-04-07,1474.74,816.644789479735,658.095210520265,4
ORD01447,West,Electronics,Shoes,2025-03-24,3615.97,2692.8718438884166,923.0981561115832,2
ORD01448,South,Furniture,Laptop,2025-04-09,3247.12,2051.7120391474223,1195.4079608525776,4
ORD01449,East,Clothing,T-Shirt,2025-07-03,1875.24,1170.12556398898,705.11443601102,4
ORD01450,West,Furniture,T-Shirt,2025-12-24,1493.69,1289.7773452166766,203.91265478332343,1
ORD01451,South,Electronics,Desk,2025-05-29,3503.39,2327.2237604762227,1176.1662395237772,5
ORD01452,West,Electronics,Shoes,2025-08-17,699.6,449.3709323672318,250.22906763276825,4
ORD01453,North,Electronics,Headphones,2025-10-23,4768.92,3949.7443753667785,819.1756246332216,1
ORD01454,North,Clothing,T-Shirt,2025-03-23,1859.69,1035.0557669091716,824.6342330908285,2
ORD01455,East,Electronics,Desk,2025-04-15,4831.59,2573.0391595666392,2258.550840433361,4
ORD01456,North,Electronics,Watch,2025-01-13,4715.11,2998.0308749264127,1717.079125073587,3
ORD01457,North,Accessories,Shoes,2025-11-07,2683.92,1645.2316643237314,1038.6883356762687,4
ORD01458,West,Furniture,T-Shirt,2025-03-09,928.13,738.6648470733214,189.46515292667857,3
ORD01459,South,Clothing,Headphones,2025-07-30,1168.93,691.4250076355959,477.5049923644042,5
ORD01460,South,Accessories,Watch,2025-12-24,1231.18,898.2771493009623,332.9028506990378,4
ORD01461,East,Furniture,Headphones,2025-12-02,4760.72,3782.775528675721,977.9444713242792,5
ORD01462,South,Clothing,Chair,2025-12-03,651.34,497.85529415463867,153.48470584536136,5
ORD01463,North,Electronics,Desk,2025-06-13,583.2,491.642188216904,91.55781178309604,5
ORD01464,West,Electronics,Desk,2025-02-15,2935.55,2517.467294505931,418.08270549406916,3
ORD01465,West,Furniture,T-Shirt,2025-06-03,2499.13,1875.136838553402,623.9931614465982,4
ORD01466,North,Clothing,T-Shirt,2025-11-17,4092.92,3106.6895274904914,986.2304725095087,2
ORD01467,South,Clothing,Desk,2025-09-25,3278.48,1989.7417016810239,1288.7382983189761,2
ORD01468,South,Accessories,Phone,2025-06-08,3731.42,1900.1979364983638,1831.2220635016363,5
ORD01469,East,Electronics,Shoes,2025-12-29,4235.45,3180.1953069604297,1055.2546930395702,3
ORD01470,West,Furniture,Shoes,2025-04-03,2975.07,1765.6773781703876,1209.3926218296126,5
ORD01471,West,Clothing,Watch,2025-03-15,1263.36,1123.8059840123328,139.55401598766707,3
ORD01472,West,Accessories,T-Shirt,2025-05-01,1736.61,1396.9708290466936,339.63917095330635,1
ORD01473,East,Clothing,Laptop,2025-12-14,2876.54,2232.920689670992,643.6193103290079,3
ORD01474,South,Clothing,Watch,2025-08-27,1067.7,820.9174637056263,246.7825362943737,3
ORD01475,South,Furniture,T-Shirt,2025-03-20,1248.2,946.7491464917948,301.4508535082052,4
ORD01476,North,Accessories,Desk,2025-01-21,3008.32,2298.6083790733746,709.7116209266255,4
ORD01477,North,Electronics,Headphones,2025-05-03,1363.76,719.1120207334401,644.6479792665599,5
ORD01478,East,Accessories,Desk,2025-12-23,1046.0,553.0077700775337,492.9922299224663,4
ORD01479,North,Furniture,Watch,2025-01-08,1803.76,1192.0927017203971,611.6672982796028,1
ORD01480,East,Furniture,Headphones,2025-07-23,3308.99,2647.8238458254777,661.166154174522,3
ORD01481,South,Clothing,Headphones,2025-03-12,3953.34,2390.5428401756676,1562.7971598243325,1
ORD01482,West,Electronics,Watch,2025-03-22,2539.31,2104.6585398520197,434.6514601479803,2
ORD01483,West,Clothing,Watch,2025-05-22,680.31,461.7737921045691,218.53620789543083,5
ORD01484,West,Clothing,Headphones,2025-04-23,1429.3,1099.1138787555265,330.1861212444735,1
ORD01485,East,Clothing,Chair,2025-10-18,1346.15,1140.8314557290178,205.31854427098233,1
ORD01486,South,Electronics,Laptop,2025-03-31,3092.49,2146.810389699256,945.6796103007437,5
ORD01487,West,Furniture,T-Shirt,2025-01-01,1565.11,1296.0153349283146,269.0946650716853,5
ORD01488,West,Electronics,Laptop,2025-05-19,3766.02,3034.473454662501,731.5465453374991,3
ORD01489,West,Accessories,Laptop,2025-10-11,3486.06,1797.5824120189384,1688.4775879810616,2
ORD01490,East,Furniture,Headphones,2025-04-22,1680.87,1014.4925474917163,666.3774525082836,3
ORD01491,North,Accessories,Shoes,2025-12-21,3700.81,2791.280104734647,909.5298952653529,4
ORD01492,East,Furniture,Desk,2025-04-16,3490.17,2381.7650367148567,1108.4049632851434,4
ORD01493,North,Furniture,Chair,2025-02-03,1070.04,940.5793037371968,129.46069626280314,2
ORD01494,West,Electronics,Desk,2025-12-15,3936.75,3392.174123202475,544.5758767975249,3
ORD01495,West,Clothing,Headphones,2025-03-30,1192.02,708.0017445344438,484.0182554655562,3
ORD01496,South,Clothing,Desk,2025-06-06,4851.65,3484.2915035260894,1367.3584964739102,3
ORD01497,North,Furniture,Headphones,2025-03-02,4005.78,3083.270346542998,922.5096534570021,2
ORD01498,South,Electronics,Phone,2025-01-02,4717.59,2378.1604773136255,2339.4295226863746,5
ORD01499,North,Furniture,T-Shirt,2025-09-18,1514.93,874.4483551359125,640.4816448640876,3
ORD01500,West,Accessories,Headphones,2025-05-12,2565.75,2281.9377026686457,283.81229733135433,1
